wild_mut,ALTS910101,BENS940101,BENS940102,BENS940103,BENS940104,CSEM940101,DAYM780301,FEND850101,FITW660101,GEOD900101,GONG920101,GRAR740104,HENS920101,HENS920102,HENS920103,JOHM930101,JOND920103,JOND940101,KOLA920101,LEVJ860101,LUTR910101,LUTR910102,LUTR910103,LUTR910104,LUTR910105,LUTR910106,LUTR910107,LUTR910108,LUTR910109,MCLA710101,MCLA720101,MIYS930101,MIYT790101,MOHR870101,NIEK910101,NIEK910102,OVEJ920101,QU_C930101,QU_C930102,QU_C930103,RISJ880101,TUDE900101,AZAE970101,AZAE970102,RIER950101,WEIL970101,WEIL970102,MEHP950102,KAPO950101,VOGG950101,BLAJ010101,PRLA000101,PRLA000102,QUIB020101,NAOD960101,RUSR970101,RUSR970102,RUSR970103,OGAK980101,KANM000101,NGPC000101,MUET010101,MUET020101,MUET020102,CROG050101
AA,3.0,2.5,2.5,2.4,4.0,1.0,2.0,6.0,0.0,10.0,2.4,0.0,5.0,6.0,7.0,6.0,2.0,2.0,10.0,2.0,11.0,12.0,24.0,22.0,27.0,18.0,11.0,23.0,23.0,8.0,5.0,0.34,0.0,16.0,1.0,1.0,4.0,1.0,1.0,8.0,2.2,100.0,14.0,8.0,100.0,4.0,0.0,0.75,23.4,7.6,9.0,2.09,5.5,2.5,4.0,2.0,0.0,2.0,-4.8,36.0,5.0,5.0,5.0,2.0,4.0
RA,3.0,-1.7,-1.2,-0.8,-1.6,-0.07,2.0,2.0,2.0,5.0,-0.6,112.0,2.0,2.0,3.0,-1.6,1.0,1.0,6.6,0.0,0.0,5.0,2.0,2.0,3.0,1.0,1.0,1.0,2.0,2.0,0.0,-0.08,2.92,8.0,0.09,0.11,1.0,0.39,0.25,2.0,1.5,2.0,1.0,1.0,13.0,1.0,0.0,0.8,16.8,4.6,0.0,-0.5,-2.24,0.2,0.0,1.0,0.0,1.0,-7.0,9.0,6.0,-5.5,2.0,1.0,2.0
AR,3.0,-1.7,-1.2,-0.8,-1.6,-0.07,2.0,2.0,2.0,5.0,-0.6,112.0,2.0,2.0,3.0,-1.6,1.0,1.0,6.6,0.0,0.0,5.0,2.0,2.0,3.0,1.0,1.0,1.0,2.0,2.0,0.0,-0.08,2.92,8.0,0.09,0.11,1.0,0.39,0.25,2.0,1.5,2.0,1.0,1.0,13.0,1.0,0.0,0.8,16.8,4.6,0.0,-0.5,-2.24,0.2,0.0,1.0,0.0,1.0,-7.0,9.0,6.0,-5.5,2.0,1.0,2.0
RR,6.0,5.1,5.0,4.8,2.9,1.0,6.0,6.0,0.0,10.0,4.7,0.0,7.0,8.0,9.0,10.0,5.0,7.0,10.0,2.0,32.0,9.0,18.0,38.0,32.0,60.0,28.0,19.0,40.0,8.0,6.0,0.65,0.0,16.0,1.0,1.0,7.0,1.0,1.0,8.0,2.2,100.0,16.0,11.0,100.0,4.0,1.0,0.9,29.5,9.9,14.0,2.87,8.59,5.2,7.0,0.0,4.0,0.0,-6.2,56.0,9.0,10.0,7.0,5.0,6.0
NA,0.0,0.0,0.0,-0.2,-1.7,-0.14,0.0,3.0,2.0,9.0,-0.3,111.0,1.0,2.0,3.0,-1.4,0.0,1.0,0.0,0.0,2.0,5.0,1.0,4.0,2.0,6.0,2.0,1.0,1.0,3.0,0.0,-0.16,1.78,9.0,-0.29,-0.31,1.0,0.37,0.138,1.0,1.3,8.0,1.0,0.0,60.0,0.0,2.0,0.71,17.1,4.9,0.0,-0.57,-1.77,1.1,0.0,0.0,0.0,0.0,-7.1,19.0,2.0,-3.0,1.0,0.0,2.0
AN,0.0,0.0,0.0,-0.2,-1.7,-0.14,0.0,3.0,2.0,9.0,-0.3,111.0,1.0,2.0,3.0,-1.4,0.0,1.0,0.0,0.0,2.0,5.0,1.0,4.0,2.0,6.0,2.0,1.0,1.0,3.0,0.0,-0.16,1.78,9.0,-0.29,-0.31,1.0,0.37,0.138,1.0,1.3,8.0,1.0,0.0,60.0,0.0,2.0,0.71,17.1,4.9,0.0,-0.57,-1.77,1.1,0.0,0.0,0.0,0.0,-7.1,19.0,2.0,-3.0,1.0,0.0,2.0
NR,1.0,-0.1,0.4,0.3,-1.5,0.12,0.0,2.0,2.0,6.0,0.3,86.0,0.0,1.0,1.0,-1.5,0.0,2.0,0.0,0.0,2.0,5.0,2.0,5.0,0.0,10.0,3.0,5.0,4.0,3.0,0.0,0.01,2.04,10.0,-0.1,-0.12,1.0,0.266,0.558,2.0,1.2,11.0,10.0,7.0,53.0,0.0,0.0,0.88,17.1,5.5,1.0,0.6,0.24,0.7,4.0,2.0,0.0,0.0,-7.3,4.0,3.0,-4.5,0.0,0.0,1.0
RN,1.0,-0.1,0.4,0.3,-1.5,0.12,0.0,2.0,2.0,6.0,0.3,86.0,0.0,1.0,1.0,-1.5,0.0,2.0,0.0,0.0,2.0,5.0,2.0,5.0,0.0,10.0,3.0,5.0,4.0,3.0,0.0,0.01,2.04,10.0,-0.1,-0.12,1.0,0.266,0.558,2.0,1.2,11.0,10.0,7.0,53.0,0.0,0.0,0.88,17.1,5.5,1.0,0.6,0.24,0.7,4.0,2.0,0.0,0.0,-7.3,4.0,3.0,-4.5,0.0,0.0,1.0
NN,4.0,3.6,3.3,3.6,4.7,1.0,2.0,6.0,0.0,10.0,3.8,0.0,6.0,8.0,9.0,8.0,3.0,11.0,10.0,3.0,11.0,6.0,16.0,4.0,18.0,18.0,10.0,13.0,15.0,8.0,5.0,0.38,0.0,16.0,1.0,1.0,5.0,1.0,1.0,8.0,2.2,100.0,15.0,11.0,100.0,4.0,2.0,0.8,27.4,9.0,11.0,3.6,10.0,2.5,8.0,0.0,3.0,0.0,-4.8,59.0,11.0,8.0,7.0,4.0,7.0
DA,0.0,-0.6,-0.2,-0.3,1.0,-0.08,0.0,4.0,1.0,5.0,-0.3,126.0,2.0,3.0,3.0,-1.6,0.0,0.0,0.0,0.0,1.0,6.0,2.0,1.0,4.0,4.0,2.0,0.0,1.0,3.0,0.0,0.04,2.37,9.0,0.05,0.07,1.0,0.299,-0.018,0.0,0.2,3.0,0.0,0.0,33.0,2.0,0.0,0.56,18.2,4.9,0.0,-0.73,-2.38,1.0,0.0,0.0,1.0,1.0,-6.9,20.0,5.0,-6.5,1.0,0.0,2.0
AD,0.0,-0.6,-0.2,-0.3,1.0,-0.08,0.0,4.0,1.0,5.0,-0.3,126.0,2.0,3.0,3.0,-1.6,0.0,0.0,0.0,0.0,1.0,6.0,2.0,1.0,4.0,4.0,2.0,0.0,1.0,3.0,0.0,0.04,2.37,9.0,0.05,0.07,1.0,0.299,-0.018,0.0,0.2,3.0,0.0,0.0,33.0,2.0,0.0,0.56,18.2,4.9,0.0,-0.73,-2.38,1.0,0.0,0.0,1.0,1.0,-6.9,20.0,5.0,-6.5,1.0,0.0,2.0
DR,3.0,-1.5,-1.0,-0.5,-2.3,-0.01,1.0,2.0,2.0,9.0,-0.3,96.0,1.0,2.0,3.0,-3.4,1.0,1.0,0.0,0.0,2.0,8.0,0.0,5.0,0.0,1.0,1.0,3.0,2.0,1.0,0.0,-0.06,2.34,10.0,-0.08,-0.08,2.0,-0.109,-0.054,1.0,-0.1,2.0,13.0,9.0,81.0,1.0,1.0,0.63,18.2,4.9,2.0,0.13,-0.33,0.1,4.0,3.0,0.0,0.0,-7.3,18.0,7.0,-9.5,3.0,1.0,1.0
RD,3.0,-1.5,-1.0,-0.5,-2.3,-0.01,1.0,2.0,2.0,9.0,-0.3,96.0,1.0,2.0,3.0,-3.4,1.0,1.0,0.0,0.0,2.0,8.0,0.0,5.0,0.0,1.0,1.0,3.0,2.0,1.0,0.0,-0.06,2.34,10.0,-0.08,-0.08,2.0,-0.109,-0.054,1.0,-0.1,2.0,13.0,9.0,81.0,1.0,1.0,0.63,18.2,4.9,2.0,0.13,-0.33,0.1,4.0,3.0,0.0,0.0,-7.3,18.0,7.0,-9.5,3.0,1.0,1.0
DN,2.0,2.5,2.4,2.2,1.7,0.56,2.0,5.0,1.0,6.0,2.2,23.0,2.0,2.0,2.0,2.6,2.0,6.0,9.0,1.0,4.0,8.0,4.0,11.0,9.0,18.0,5.0,7.0,13.0,5.0,3.0,0.2,0.65,11.0,0.3,0.35,2.0,0.037,0.452,3.0,0.8,32.0,16.0,12.0,73.0,0.0,1.0,0.69,21.4,7.4,5.0,1.78,4.07,3.3,8.0,2.0,5.0,1.0,-6.3,18.0,2.0,-0.5,3.0,2.0,1.0
ND,2.0,2.5,2.4,2.2,1.7,0.56,2.0,5.0,1.0,6.0,2.2,23.0,2.0,2.0,2.0,2.6,2.0,6.0,9.0,1.0,4.0,8.0,4.0,11.0,9.0,18.0,5.0,7.0,13.0,5.0,3.0,0.2,0.65,11.0,0.3,0.35,2.0,0.037,0.452,3.0,0.8,32.0,16.0,12.0,73.0,0.0,1.0,0.69,21.4,7.4,5.0,1.78,4.07,3.3,8.0,2.0,5.0,1.0,-6.3,18.0,2.0,-0.5,3.0,2.0,1.0
DD,5.0,5.2,4.8,4.8,4.8,1.0,4.0,6.0,0.0,10.0,4.7,0.0,7.0,9.0,10.0,8.5,5.0,12.0,10.0,2.0,29.0,17.0,23.0,71.0,38.0,80.0,27.0,28.0,49.0,8.0,5.0,0.36,0.0,16.0,1.0,1.0,6.0,1.0,1.0,8.0,2.2,100.0,26.0,16.0,100.0,4.0,2.0,0.66,25.9,9.9,17.0,4.02,11.01,5.3,11.0,2.0,5.0,0.0,-5.0,65.0,12.0,9.0,7.0,5.0,7.0
CA,3.0,-1.7,-1.2,0.3,-1.9,0.04,2.0,2.0,2.0,9.0,0.5,195.0,1.0,1.0,1.0,-3.4,1.0,0.0,0.0,0.0,5.0,1.0,2.0,8.0,22.0,0.0,5.0,4.0,5.0,1.0,0.0,-0.51,1.39,11.0,-0.35,-0.38,2.0,0.27,0.799,5.0,-1.5,4.0,5.0,2.0,98.0,0.0,0.0,0.75,21.5,5.7,5.0,0.33,0.45,1.2,2.0,2.0,2.0,2.0,-7.7,6.0,1.0,2.5,1.0,1.0,0.0
AC,3.0,-1.7,-1.2,0.3,-1.9,0.04,2.0,2.0,2.0,9.0,0.5,195.0,1.0,1.0,1.0,-3.4,1.0,0.0,0.0,0.0,5.0,1.0,2.0,8.0,22.0,0.0,5.0,4.0,5.0,1.0,0.0,-0.51,1.39,11.0,-0.35,-0.38,2.0,0.27,0.799,5.0,-1.5,4.0,5.0,2.0,98.0,0.0,0.0,0.75,21.5,5.7,5.0,0.33,0.45,1.2,2.0,2.0,2.0,2.0,-7.7,6.0,1.0,2.5,1.0,1.0,0.0
CR,4.0,-0.4,-1.6,-2.2,0.7,-0.2,4.0,2.0,1.0,4.0,-2.2,180.0,3.0,5.0,6.0,-5.6,1.0,1.0,0.0,0.0,6.0,10.0,2.0,1.0,28.0,7.0,9.0,1.0,19.0,1.0,0.0,-0.35,3.06,8.0,-0.17,-0.2,2.0,0.273,0.113,0.0,-1.5,12.0,9.0,7.0,11.0,1.0,2.0,0.84,14.4,3.0,16.0,-1.3,-6.29,-1.3,5.0,3.0,1.0,4.0,-8.3,29.0,8.0,-5.0,3.0,2.0,4.0
RC,4.0,-0.4,-1.6,-2.2,0.7,-0.2,4.0,2.0,1.0,4.0,-2.2,180.0,3.0,5.0,6.0,-5.6,1.0,1.0,0.0,0.0,6.0,10.0,2.0,1.0,28.0,7.0,9.0,1.0,19.0,1.0,0.0,-0.35,3.06,8.0,-0.17,-0.2,2.0,0.273,0.113,0.0,-1.5,12.0,9.0,7.0,11.0,1.0,2.0,0.84,14.4,3.0,16.0,-1.3,-6.29,-1.3,5.0,3.0,1.0,4.0,-8.3,29.0,8.0,-5.0,3.0,2.0,4.0
CN,5.0,-1.6,-1.9,-1.8,-1.5,-0.14,4.0,2.0,2.0,8.0,-1.8,139.0,2.0,4.0,5.0,-7.6,1.0,1.0,0.0,0.0,7.0,11.0,1.0,4.0,6.0,5.0,9.0,1.0,5.0,1.0,0.0,-0.46,2.83,9.0,0.04,0.04,6.0,0.105,0.032,0.0,-1.6,7.0,4.0,5.0,58.0,0.0,3.0,0.72,14.7,3.4,13.0,-2.08,-6.53,-1.9,5.0,4.0,0.0,1.0,-8.6,30.0,2.0,-2.5,3.0,1.0,3.0
NC,5.0,-1.6,-1.9,-1.8,-1.5,-0.14,4.0,2.0,2.0,8.0,-1.8,139.0,2.0,4.0,5.0,-7.6,1.0,1.0,0.0,0.0,7.0,11.0,1.0,4.0,6.0,5.0,9.0,1.0,5.0,1.0,0.0,-0.46,2.83,9.0,0.04,0.04,6.0,0.105,0.032,0.0,-1.6,7.0,4.0,5.0,58.0,0.0,3.0,0.72,14.7,3.4,13.0,-2.08,-6.53,-1.9,5.0,4.0,0.0,1.0,-8.6,30.0,2.0,-2.5,3.0,1.0,3.0
CD,7.0,-3.7,-3.7,-3.2,-1.6,-0.24,5.0,1.0,2.0,5.0,-3.2,154.0,3.0,5.0,7.0,-9.7,3.0,3.0,0.0,0.0,13.0,14.0,1.0,13.0,26.0,0.0,15.0,4.0,16.0,1.0,0.0,-0.41,3.48,8.0,-0.1,-0.1,7.0,0.035,0.015,0.0,-1.7,20.0,8.0,8.0,30.0,2.0,1.0,0.67,14.0,2.0,13.0,-2.51,-6.98,-3.1,4.0,0.0,1.0,0.0,-8.3,30.0,7.0,-7.5,5.0,3.0,4.0
DC,7.0,-3.7,-3.7,-3.2,-1.6,-0.24,5.0,1.0,2.0,5.0,-3.2,154.0,3.0,5.0,7.0,-9.7,3.0,3.0,0.0,0.0,13.0,14.0,1.0,13.0,26.0,0.0,15.0,4.0,16.0,1.0,0.0,-0.41,3.48,8.0,-0.1,-0.1,7.0,0.035,0.015,0.0,-1.7,20.0,8.0,8.0,30.0,2.0,1.0,0.67,14.0,2.0,13.0,-2.51,-6.98,-3.1,4.0,0.0,1.0,0.0,-8.3,30.0,7.0,-7.5,5.0,3.0,4.0
CC,9.0,12.1,12.6,11.8,5.5,1.0,12.0,6.0,0.0,10.0,11.5,0.0,12.0,13.0,13.0,16.1,11.0,6.0,10.0,2.0,109.0,93.0,9.0,50.0,156.0,66.0,108.0,51.0,97.0,9.0,6.0,1.02,0.0,16.0,1.0,1.0,11.0,1.0,1.0,8.0,2.2,100.0,18.0,14.0,100.0,4.0,5.0,1.07,31.9,16.7,39.0,6.99,19.05,11.5,14.0,12.0,13.0,12.0,-3.2,99.0,7.0,11.0,13.0,11.0,12.0
QA,1.0,-1.7,-0.9,-0.3,-2.1,-0.01,0.0,3.0,2.0,9.0,-0.2,91.0,1.0,1.0,2.0,-0.6,1.0,2.0,6.6,0.0,2.0,6.0,1.0,2.0,3.0,6.0,3.0,1.0,0.0,3.0,0.0,-0.16,1.92,11.0,0.32,0.36,0.0,0.261,0.55,2.0,1.8,0.0,0.0,1.0,64.0,0.0,1.0,0.68,17.2,5.0,1.0,-0.75,-2.16,-0.1,0.0,1.0,1.0,0.0,-7.0,3.0,3.0,-4.0,1.0,0.0,1.0
AQ,1.0,-1.7,-0.9,-0.3,-2.1,-0.01,0.0,3.0,2.0,9.0,-0.2,91.0,1.0,1.0,2.0,-0.6,1.0,2.0,6.6,0.0,2.0,6.0,1.0,2.0,3.0,6.0,3.0,1.0,0.0,3.0,0.0,-0.16,1.92,11.0,0.32,0.36,0.0,0.261,0.55,2.0,1.8,0.0,0.0,1.0,64.0,0.0,1.0,0.68,17.2,5.0,1.0,-0.75,-2.16,-0.1,0.0,1.0,1.0,0.0,-7.0,3.0,3.0,-4.0,1.0,0.0,1.0
QR,1.0,2.5,2.2,1.6,0.3,0.57,1.0,3.0,1.0,6.0,1.5,43.0,1.0,1.0,1.0,2.1,2.0,6.0,9.0,0.0,6.0,6.0,2.0,9.0,2.0,24.0,7.0,5.0,9.0,5.0,0.0,0.15,1.13,10.0,0.05,0.1,1.0,-0.084,0.243,0.0,2.0,26.0,16.0,12.0,49.0,0.0,1.0,0.83,19.6,6.7,7.0,0.13,-0.74,2.0,5.0,2.0,3.0,1.0,-7.5,12.0,2.0,-2.5,2.0,2.0,1.0
RQ,1.0,2.5,2.2,1.6,0.3,0.57,1.0,3.0,1.0,6.0,1.5,43.0,1.0,1.0,1.0,2.1,2.0,6.0,9.0,0.0,6.0,6.0,2.0,9.0,2.0,24.0,7.0,5.0,9.0,5.0,0.0,0.15,1.13,10.0,0.05,0.1,1.0,-0.084,0.243,0.0,2.0,26.0,16.0,12.0,49.0,0.0,1.0,0.83,19.6,6.7,7.0,0.13,-0.74,2.0,5.0,2.0,3.0,1.0,-7.5,12.0,2.0,-2.5,2.0,2.0,1.0
QN,0.0,0.1,0.5,0.7,0.4,0.2,1.0,3.0,2.0,10.0,0.7,46.0,0.0,0.0,0.0,-0.8,0.0,3.0,0.0,1.0,3.0,6.0,2.0,4.0,1.0,18.0,4.0,5.0,7.0,4.0,2.0,0.2,0.99,11.0,-0.14,-0.16,0.0,0.082,0.222,1.0,1.6,12.0,13.0,10.0,96.0,1.0,1.0,0.71,18.6,5.9,1.0,0.33,1.42,1.9,5.0,2.0,2.0,3.0,-7.1,2.0,2.0,-1.0,0.0,1.0,0.0
NQ,0.0,0.1,0.5,0.7,0.4,0.2,1.0,3.0,2.0,10.0,0.7,46.0,0.0,0.0,0.0,-0.8,0.0,3.0,0.0,1.0,3.0,6.0,2.0,4.0,1.0,18.0,4.0,5.0,7.0,4.0,2.0,0.2,0.99,11.0,-0.14,-0.16,0.0,0.082,0.222,1.0,1.6,12.0,13.0,10.0,96.0,1.0,1.0,0.71,18.6,5.9,1.0,0.33,1.42,1.9,5.0,2.0,2.0,3.0,-7.1,2.0,2.0,-1.0,0.0,1.0,0.0
QD,1.0,0.6,0.6,0.8,0.3,0.19,2.0,4.0,2.0,6.0,0.9,61.0,0.0,0.0,1.0,-1.1,1.0,2.0,0.0,0.0,2.0,8.0,3.0,10.0,3.0,18.0,4.0,6.0,9.0,4.0,1.0,0.16,1.47,11.0,0.11,0.13,0.0,0.321,0.257,2.0,0.6,8.0,16.0,13.0,68.0,1.0,1.0,0.64,22.2,6.1,1.0,0.34,1.1,1.1,6.0,3.0,3.0,3.0,-7.3,2.0,0.0,-2.5,1.0,1.0,0.0
DQ,1.0,0.6,0.6,0.8,0.3,0.19,2.0,4.0,2.0,6.0,0.9,61.0,0.0,0.0,1.0,-1.1,1.0,2.0,0.0,0.0,2.0,8.0,3.0,10.0,3.0,18.0,4.0,6.0,9.0,4.0,1.0,0.16,1.47,11.0,0.11,0.13,0.0,0.321,0.257,2.0,0.6,8.0,16.0,13.0,68.0,1.0,1.0,0.64,22.2,6.1,1.0,0.34,1.1,1.1,6.0,3.0,3.0,3.0,-7.3,2.0,0.0,-2.5,1.0,1.0,0.0
QC,7.0,-3.2,-3.3,-2.6,-3.1,-0.29,5.0,1.0,2.0,8.0,-2.4,154.0,3.0,4.0,5.0,-6.9,3.0,3.0,0.0,0.0,10.0,5.0,2.0,0.0,29.0,7.0,11.0,1.0,11.0,0.0,0.0,-0.74,2.48,10.0,-0.16,-0.16,3.0,0.191,0.418,3.0,-1.4,8.0,10.0,9.0,62.0,0.0,3.0,0.65,13.8,2.8,14.0,-0.83,-2.47,-2.5,4.0,2.0,6.0,4.0,-8.3,30.0,5.0,-3.5,4.0,2.0,3.0
CQ,7.0,-3.2,-3.3,-2.6,-3.1,-0.29,5.0,1.0,2.0,8.0,-2.4,154.0,3.0,4.0,5.0,-6.9,3.0,3.0,0.0,0.0,10.0,5.0,2.0,0.0,29.0,7.0,11.0,1.0,11.0,0.0,0.0,-0.74,2.48,10.0,-0.16,-0.16,3.0,0.191,0.418,3.0,-1.4,8.0,10.0,9.0,62.0,0.0,3.0,0.65,13.8,2.8,14.0,-0.83,-2.47,-2.5,4.0,2.0,6.0,4.0,-8.3,30.0,5.0,-3.5,4.0,2.0,3.0
QQ,6.0,5.3,4.2,3.0,5.5,1.0,4.0,6.0,0.0,10.0,2.7,0.0,6.0,8.0,9.0,9.0,5.0,11.0,10.0,2.0,16.0,7.0,13.0,6.0,30.0,42.0,14.0,11.0,31.0,8.0,5.0,0.48,0.0,16.0,1.0,1.0,6.0,1.0,1.0,8.0,2.2,100.0,21.0,17.0,100.0,4.0,1.0,0.8,96.5,7.9,13.0,2.6,7.85,3.6,7.0,0.0,4.0,0.0,-6.5,46.0,9.0,7.0,6.0,3.0,6.0
EA,0.0,-0.7,-0.3,-0.1,1.3,0.08,0.0,4.0,1.0,5.0,0.0,107.0,1.0,1.0,2.0,-0.7,1.0,0.0,9.0,1.0,3.0,7.0,2.0,4.0,3.0,8.0,3.0,0.0,0.0,4.0,0.0,0.03,2.46,10.0,0.7,0.74,0.0,0.3,-0.116,0.0,1.7,12.0,2.0,1.0,39.0,3.0,2.0,0.63,18.1,5.2,0.0,-0.12,-0.47,1.2,0.0,2.0,0.0,1.0,-6.7,10.0,5.0,-7.0,1.0,0.0,1.0
AE,0.0,-0.7,-0.3,-0.1,1.3,0.08,0.0,4.0,1.0,5.0,0.0,107.0,1.0,1.0,2.0,-0.7,1.0,0.0,9.0,1.0,3.0,7.0,2.0,4.0,3.0,8.0,3.0,0.0,0.0,4.0,0.0,0.03,2.46,10.0,0.7,0.74,0.0,0.3,-0.116,0.0,1.7,12.0,2.0,1.0,39.0,3.0,2.0,0.63,18.1,5.2,0.0,-0.12,-0.47,1.2,0.0,2.0,0.0,1.0,-6.7,10.0,5.0,-7.0,1.0,0.0,1.0
ER,3.0,-0.4,-0.1,0.3,-2.0,0.34,1.0,2.0,2.0,9.0,0.4,54.0,0.0,0.0,1.0,-0.2,0.0,2.0,6.6,0.0,2.0,8.0,1.0,12.0,1.0,1.0,3.0,4.0,2.0,3.0,0.0,-0.02,1.45,9.0,0.09,0.11,0.0,0.375,0.037,0.0,1.9,11.0,13.0,10.0,74.0,1.0,1.0,0.82,18.7,5.6,3.0,0.99,2.83,1.9,8.0,2.0,2.0,2.0,-7.5,3.0,6.0,-9.0,1.0,0.0,0.0
RE,3.0,-0.4,-0.1,0.3,-2.0,0.34,1.0,2.0,2.0,9.0,0.4,54.0,0.0,0.0,1.0,-0.2,0.0,2.0,6.6,0.0,2.0,8.0,1.0,12.0,1.0,1.0,3.0,4.0,2.0,3.0,0.0,-0.02,1.45,9.0,0.09,0.11,0.0,0.375,0.037,0.0,1.9,11.0,13.0,10.0,74.0,1.0,1.0,0.82,18.7,5.6,3.0,0.99,2.83,1.9,8.0,2.0,2.0,2.0,-7.5,3.0,6.0,-9.0,1.0,0.0,0.0
EN,1.0,1.1,1.2,1.0,0.3,0.13,1.0,3.0,2.0,6.0,0.9,42.0,0.0,0.0,1.0,-0.7,1.0,1.0,0.0,0.0,2.0,8.0,1.0,5.0,0.0,22.0,3.0,5.0,8.0,4.0,1.0,0.19,0.85,10.0,-0.24,-0.27,0.0,0.206,0.408,3.0,1.4,13.0,10.0,8.0,79.0,0.0,0.0,0.74,20.0,6.1,1.0,-0.16,-0.39,2.3,6.0,2.0,0.0,0.0,-6.5,3.0,0.0,-4.5,0.0,1.0,0.0
NE,1.0,1.1,1.2,1.0,0.3,0.13,1.0,3.0,2.0,6.0,0.9,42.0,0.0,0.0,1.0,-0.7,1.0,1.0,0.0,0.0,2.0,8.0,1.0,5.0,0.0,22.0,3.0,5.0,8.0,4.0,1.0,0.19,0.85,10.0,-0.24,-0.27,0.0,0.206,0.408,3.0,1.4,13.0,10.0,8.0,79.0,0.0,0.0,0.74,20.0,6.1,1.0,-0.16,-0.39,2.3,6.0,2.0,0.0,0.0,-6.5,3.0,0.0,-4.5,0.0,1.0,0.0
ED,3.0,4.4,3.9,2.9,3.8,0.37,3.0,5.0,1.0,10.0,2.7,45.0,2.0,2.0,2.0,2.4,4.0,8.0,0.0,1.0,6.0,12.0,6.0,20.0,10.0,29.0,8.0,10.0,17.0,5.0,2.0,0.32,0.9,11.0,0.07,0.09,2.0,0.137,0.851,4.0,1.0,34.0,15.0,10.0,94.0,0.0,2.0,0.58,22.8,7.9,5.0,1.2,2.41,3.2,7.0,6.0,5.0,4.0,-6.4,20.0,6.0,2.0,3.0,3.0,1.0
DE,3.0,4.4,3.9,2.9,3.8,0.37,3.0,5.0,1.0,10.0,2.7,45.0,2.0,2.0,2.0,2.4,4.0,8.0,0.0,1.0,6.0,12.0,6.0,20.0,10.0,29.0,8.0,10.0,17.0,5.0,2.0,0.32,0.9,11.0,0.07,0.09,2.0,0.137,0.851,4.0,1.0,34.0,15.0,10.0,94.0,0.0,2.0,0.58,22.8,7.9,5.0,1.2,2.41,3.2,7.0,6.0,5.0,4.0,-6.4,20.0,6.0,2.0,3.0,3.0,1.0
EC,7.0,-4.7,-4.3,-3.2,-3.0,-0.51,5.0,0.0,3.0,5.0,-3.0,170.0,3.0,5.0,7.0,-6.9,4.0,3.0,0.0,0.0,12.0,16.0,3.0,2.0,30.0,1.0,15.0,5.0,21.0,0.0,0.0,-0.64,3.26,9.0,-0.34,-0.36,3.0,0.341,-0.167,0.0,-1.5,18.0,8.0,6.0,36.0,2.0,2.0,0.69,12.2,2.2,20.0,-1.97,-4.7,-2.4,6.0,8.0,4.0,8.0,-10.2,39.0,7.0,-7.0,5.0,3.0,4.0
CE,7.0,-4.7,-4.3,-3.2,-3.0,-0.51,5.0,0.0,3.0,5.0,-3.0,170.0,3.0,5.0,7.0,-6.9,4.0,3.0,0.0,0.0,12.0,16.0,3.0,2.0,30.0,1.0,15.0,5.0,21.0,0.0,0.0,-0.64,3.26,9.0,-0.34,-0.36,3.0,0.341,-0.167,0.0,-1.5,18.0,8.0,6.0,36.0,2.0,2.0,0.69,12.2,2.2,20.0,-1.97,-4.7,-2.4,6.0,8.0,4.0,8.0,-10.2,39.0,7.0,-7.0,5.0,3.0,4.0
EQ,2.0,2.1,1.7,1.7,2.0,0.51,2.0,4.0,1.0,6.0,1.7,29.0,2.0,3.0,3.0,2.4,2.0,7.0,6.6,1.0,5.0,9.0,3.0,7.0,6.0,15.0,6.0,7.0,11.0,5.0,3.0,0.25,0.84,11.0,0.39,0.42,2.0,0.228,0.254,2.0,2.1,37.0,17.0,13.0,74.0,0.0,2.0,0.73,20.4,6.9,5.0,1.23,3.16,1.7,8.0,6.0,2.0,4.0,-6.8,19.0,1.0,-2.5,2.0,2.0,1.0
QE,2.0,2.1,1.7,1.7,2.0,0.51,2.0,4.0,1.0,6.0,1.7,29.0,2.0,3.0,3.0,2.4,2.0,7.0,6.6,1.0,5.0,9.0,3.0,7.0,6.0,15.0,6.0,7.0,11.0,5.0,3.0,0.25,0.84,11.0,0.39,0.42,2.0,0.228,0.254,2.0,2.1,37.0,17.0,13.0,74.0,0.0,2.0,0.73,20.4,6.9,5.0,1.23,3.16,1.7,8.0,6.0,2.0,4.0,-6.8,19.0,1.0,-2.5,2.0,2.0,1.0
EE,5.0,5.2,4.6,3.7,5.7,1.0,4.0,6.0,0.0,10.0,3.6,0.0,6.0,7.0,8.0,8.6,5.0,13.0,10.0,2.0,15.0,15.0,24.0,12.0,25.0,59.0,15.0,23.0,31.0,8.0,5.0,0.36,0.0,16.0,1.0,1.0,5.0,1.0,1.0,8.0,2.2,100.0,11.0,8.0,100.0,4.0,1.0,0.74,26.5,8.8,12.0,2.97,8.43,3.7,11.0,2.0,3.0,0.0,-5.4,40.0,12.0,7.0,6.0,4.0,5.0
GA,1.0,0.8,0.8,0.6,1.2,0.11,1.0,5.0,1.0,9.0,0.5,60.0,0.0,0.0,0.0,-0.5,1.0,1.0,0.0,0.0,5.0,5.0,1.0,5.0,9.0,14.0,4.0,2.0,12.0,3.0,3.0,0.19,0.91,8.0,-0.4,-0.41,0.0,0.407,0.0,2.0,0.6,3.0,5.0,1.0,96.0,1.0,1.0,0.83,19.9,5.7,1.0,0.27,0.63,1.4,0.0,1.0,1.0,0.0,-5.8,4.0,1.0,0.5,0.0,1.0,1.0
AG,1.0,0.8,0.8,0.6,1.2,0.11,1.0,5.0,1.0,9.0,0.5,60.0,0.0,0.0,0.0,-0.5,1.0,1.0,0.0,0.0,5.0,5.0,1.0,5.0,9.0,14.0,4.0,2.0,12.0,3.0,3.0,0.19,0.91,8.0,-0.4,-0.41,0.0,0.407,0.0,2.0,0.6,3.0,5.0,1.0,96.0,1.0,1.0,0.83,19.9,5.7,1.0,0.27,0.63,1.4,0.0,1.0,1.0,0.0,-5.8,4.0,1.0,0.5,0.0,1.0,1.0
GR,4.0,-0.1,-0.7,-1.0,0.8,-0.11,3.0,3.0,1.0,5.0,-1.0,125.0,2.0,3.0,4.0,-2.8,0.0,0.0,0.0,0.0,7.0,2.0,2.0,0.0,6.0,8.0,6.0,3.0,2.0,3.0,0.0,0.2,3.58,7.0,-0.18,-0.21,2.0,0.394,0.0,2.0,0.1,6.0,0.0,0.0,17.0,1.0,1.0,0.84,16.1,4.2,2.0,-0.96,-3.39,-0.2,0.0,2.0,0.0,1.0,-7.5,18.0,5.0,-5.5,3.0,1.0,3.0
RG,4.0,-0.1,-0.7,-1.0,0.8,-0.11,3.0,3.0,1.0,5.0,-1.0,125.0,2.0,3.0,4.0,-2.8,0.0,0.0,0.0,0.0,7.0,2.0,2.0,0.0,6.0,8.0,6.0,3.0,2.0,3.0,0.0,0.2,3.58,7.0,-0.18,-0.21,2.0,0.394,0.0,2.0,0.1,6.0,0.0,0.0,17.0,1.0,1.0,0.84,16.1,4.2,2.0,-0.96,-3.39,-0.2,0.0,2.0,0.0,1.0,-7.5,18.0,5.0,-5.5,3.0,1.0,3.0
GN,0.0,-0.1,0.4,0.4,-2.6,0.22,0.0,3.0,2.0,10.0,0.4,80.0,0.0,1.0,1.0,-1.4,0.0,2.0,0.0,0.0,4.0,5.0,4.0,7.0,4.0,6.0,2.0,6.0,0.0,3.0,0.0,-0.11,1.96,10.0,0.37,0.4,1.0,0.293,0.0,2.0,0.2,10.0,8.0,7.0,64.0,0.0,0.0,0.71,18.1,5.6,1.0,0.79,1.16,0.7,5.0,3.0,1.0,2.0,-6.8,7.0,1.0,-3.0,0.0,0.0,1.0
NG,0.0,-0.1,0.4,0.4,-2.6,0.22,0.0,3.0,2.0,10.0,0.4,80.0,0.0,1.0,1.0,-1.4,0.0,2.0,0.0,0.0,4.0,5.0,4.0,7.0,4.0,6.0,2.0,6.0,0.0,3.0,0.0,-0.11,1.96,10.0,0.37,0.4,1.0,0.293,0.0,2.0,0.2,10.0,8.0,7.0,64.0,0.0,0.0,0.71,18.1,5.6,1.0,0.79,1.16,0.7,5.0,3.0,1.0,2.0,-6.8,7.0,1.0,-3.0,0.0,0.0,1.0
GD,0.0,0.8,0.7,0.2,1.1,0.11,1.0,4.0,1.0,6.0,0.1,94.0,1.0,2.0,3.0,-2.1,1.0,3.0,0.0,0.0,7.0,6.0,2.0,0.0,3.0,4.0,5.0,4.0,1.0,3.0,0.0,0.15,2.37,9.0,0.08,0.08,1.0,0.25,0.0,0.0,-0.4,8.0,7.0,8.0,36.0,2.0,1.0,0.61,18.7,5.3,2.0,-1.2,-3.91,0.9,4.0,3.0,1.0,2.0,-6.3,10.0,2.0,-4.5,1.0,0.0,1.0
DG,0.0,0.8,0.7,0.2,1.1,0.11,1.0,4.0,1.0,6.0,0.1,94.0,1.0,2.0,3.0,-2.1,1.0,3.0,0.0,0.0,7.0,6.0,2.0,0.0,3.0,4.0,5.0,4.0,1.0,3.0,0.0,0.15,2.37,9.0,0.08,0.08,1.0,0.25,0.0,0.0,-0.4,8.0,7.0,8.0,36.0,2.0,1.0,0.61,18.7,5.3,2.0,-1.2,-3.91,0.9,4.0,3.0,1.0,2.0,-6.3,10.0,2.0,-4.5,1.0,0.0,1.0
GC,5.0,-1.3,-1.7,-2.0,1.0,0.25,3.0,3.0,1.0,8.0,-2.0,159.0,3.0,4.0,6.0,-8.2,1.0,1.0,0.0,0.0,15.0,36.0,4.0,3.0,33.0,10.0,21.0,4.0,18.0,1.0,0.0,-0.18,2.22,8.0,0.12,0.13,6.0,0.246,0.0,1.0,-1.7,1.0,1.0,0.0,94.0,0.0,3.0,0.8,15.0,3.2,15.0,-2.11,-5.7,-1.3,0.0,1.0,1.0,0.0,-7.5,29.0,2.0,-1.5,2.0,1.0,3.0
CG,5.0,-1.3,-1.7,-2.0,1.0,0.25,3.0,3.0,1.0,8.0,-2.0,159.0,3.0,4.0,6.0,-8.2,1.0,1.0,0.0,0.0,15.0,36.0,4.0,3.0,33.0,10.0,21.0,4.0,18.0,1.0,0.0,-0.18,2.22,8.0,0.12,0.13,6.0,0.246,0.0,1.0,-1.7,1.0,1.0,0.0,94.0,0.0,3.0,0.8,15.0,3.2,15.0,-2.11,-5.7,-1.3,0.0,1.0,1.0,0.0,-7.5,29.0,2.0,-1.5,2.0,1.0,3.0
GQ,3.0,-1.6,-1.4,-1.1,-2.1,-0.13,1.0,2.0,2.0,10.0,-1.0,87.0,2.0,3.0,4.0,-2.8,1.0,1.0,0.0,0.0,8.0,3.0,2.0,5.0,3.0,4.0,6.0,3.0,4.0,2.0,0.0,-0.14,2.48,8.0,-0.28,-0.32,2.0,0.494,0.0,2.0,0.2,10.0,0.0,0.0,68.0,0.0,2.0,0.78,16.3,4.2,3.0,-0.12,-0.24,-0.3,0.0,1.0,0.0,0.0,-7.6,20.0,2.0,-3.5,3.0,1.0,2.0
QG,3.0,-1.6,-1.4,-1.1,-2.1,-0.13,1.0,2.0,2.0,10.0,-1.0,87.0,2.0,3.0,4.0,-2.8,1.0,1.0,0.0,0.0,8.0,3.0,2.0,5.0,3.0,4.0,6.0,3.0,4.0,2.0,0.0,-0.14,2.48,8.0,-0.28,-0.32,2.0,0.494,0.0,2.0,0.2,10.0,0.0,0.0,68.0,0.0,2.0,0.78,16.3,4.2,3.0,-0.12,-0.24,-0.3,0.0,1.0,0.0,0.0,-7.6,20.0,2.0,-3.5,3.0,1.0,2.0
GE,1.0,0.5,0.5,-0.5,1.4,-0.23,0.0,4.0,1.0,6.0,-0.8,98.0,2.0,3.0,4.0,-2.5,0.0,3.0,0.0,0.0,6.0,8.0,1.0,8.0,4.0,13.0,4.0,3.0,6.0,3.0,0.0,0.13,2.78,6.0,-0.45,-0.46,2.0,0.164,0.0,1.0,0.3,5.0,1.0,0.0,43.0,2.0,0.0,0.87,19.3,4.4,0.0,-0.41,-1.8,0.5,0.0,3.0,1.0,1.0,-7.4,23.0,3.0,-6.5,2.0,1.0,2.0
EG,1.0,0.5,0.5,-0.5,1.4,-0.23,0.0,4.0,1.0,6.0,-0.8,98.0,2.0,3.0,4.0,-2.5,0.0,3.0,0.0,0.0,6.0,8.0,1.0,8.0,4.0,13.0,4.0,3.0,6.0,3.0,0.0,0.13,2.78,6.0,-0.45,-0.46,2.0,0.164,0.0,1.0,0.3,5.0,1.0,0.0,43.0,2.0,0.0,0.87,19.3,4.4,0.0,-0.41,-1.8,0.5,0.0,3.0,1.0,1.0,-7.4,23.0,3.0,-6.5,2.0,1.0,2.0
GG,5.0,5.8,6.2,6.6,4.2,1.0,5.0,6.0,0.0,10.0,6.6,0.0,7.0,8.0,9.0,8.0,5.0,6.0,10.0,2.0,39.0,52.0,29.0,53.0,59.0,48.0,41.0,37.0,54.0,8.0,6.0,0.43,0.0,16.0,1.0,1.0,5.0,1.0,0.0,8.0,2.2,100.0,24.0,18.0,100.0,4.0,2.0,0.97,26.8,11.8,16.0,4.36,11.64,7.5,12.0,0.0,6.0,1.0,-4.2,67.0,9.0,7.0,8.0,7.0,7.0
HA,3.0,-2.1,-1.6,-1.0,-2.1,-0.11,1.0,2.0,2.0,10.0,-0.8,86.0,2.0,2.0,3.0,-3.1,2.0,3.0,0.0,0.0,4.0,2.0,5.0,30.0,11.0,2.0,3.0,6.0,4.0,3.0,0.0,-0.21,2.17,11.0,-0.18,-0.2,2.0,0.356,0.523,4.0,-0.6,10.0,2.0,2.0,71.0,0.0,2.0,0.79,11.5,4.4,2.0,-1.42,-3.01,-1.4,1.0,1.0,2.0,0.0,-7.7,19.0,3.0,-3.0,2.0,1.0,2.0
AH,3.0,-2.1,-1.6,-1.0,-2.1,-0.11,1.0,2.0,2.0,10.0,-0.8,86.0,2.0,2.0,3.0,-3.1,2.0,3.0,0.0,0.0,4.0,2.0,5.0,30.0,11.0,2.0,3.0,6.0,4.0,3.0,0.0,-0.21,2.17,11.0,-0.18,-0.2,2.0,0.356,0.523,4.0,-0.6,10.0,2.0,2.0,71.0,0.0,2.0,0.79,11.5,4.4,2.0,-1.42,-3.01,-1.4,1.0,1.0,2.0,0.0,-7.7,19.0,3.0,-3.0,2.0,1.0,2.0
HR,1.0,1.8,1.5,1.0,3.6,0.13,2.0,4.0,1.0,5.0,0.6,29.0,0.0,0.0,0.0,0.1,2.0,5.0,5.0,0.0,1.0,5.0,0.0,4.0,7.0,11.0,0.0,2.0,2.0,5.0,0.0,0.11,0.82,10.0,0.15,0.19,0.0,0.093,0.392,2.0,-0.4,0.0,4.0,2.0,42.0,0.0,0.0,0.92,13.7,5.8,2.0,0.54,0.7,1.5,3.0,2.0,2.0,3.0,-8.1,3.0,4.0,-4.5,1.0,1.0,0.0
RH,1.0,1.8,1.5,1.0,3.6,0.13,2.0,4.0,1.0,5.0,0.6,29.0,0.0,0.0,0.0,0.1,2.0,5.0,5.0,0.0,1.0,5.0,0.0,4.0,7.0,11.0,0.0,2.0,2.0,5.0,0.0,0.11,0.82,10.0,0.15,0.19,0.0,0.093,0.392,2.0,-0.4,0.0,4.0,2.0,42.0,0.0,0.0,0.92,13.7,5.8,2.0,0.54,0.7,1.5,3.0,2.0,2.0,3.0,-8.1,3.0,4.0,-4.5,1.0,1.0,0.0
HN,2.0,1.4,1.4,1.2,1.8,0.32,2.0,4.0,1.0,9.0,1.2,68.0,1.0,1.0,1.0,1.7,1.0,3.0,5.0,0.0,2.0,6.0,3.0,3.0,14.0,13.0,2.0,5.0,13.0,4.0,1.0,0.21,1.29,10.0,0.04,0.04,2.0,0.299,0.305,2.0,-0.3,8.0,5.0,2.0,89.0,0.0,1.0,0.78,18.9,6.4,5.0,0.76,1.77,1.4,2.0,7.0,4.0,3.0,-6.8,12.0,4.0,2.5,1.0,1.0,0.0
NH,2.0,1.4,1.4,1.2,1.8,0.32,2.0,4.0,1.0,9.0,1.2,68.0,1.0,1.0,1.0,1.7,1.0,3.0,5.0,0.0,2.0,6.0,3.0,3.0,14.0,13.0,2.0,5.0,13.0,4.0,1.0,0.21,1.29,10.0,0.04,0.04,2.0,0.299,0.305,2.0,-0.3,8.0,5.0,2.0,89.0,0.0,1.0,0.78,18.9,6.4,5.0,0.76,1.77,1.4,2.0,7.0,4.0,3.0,-6.8,12.0,4.0,2.5,1.0,1.0,0.0
HD,0.0,0.1,0.3,0.4,1.7,0.22,1.0,3.0,1.0,5.0,0.4,81.0,0.0,2.0,2.0,-0.7,0.0,3.0,6.6,0.0,5.0,5.0,1.0,7.0,12.0,24.0,3.0,3.0,17.0,4.0,0.0,0.18,1.72,9.0,-0.01,0.0,0.0,-0.117,0.067,0.0,-1.3,10.0,8.0,4.0,61.0,1.0,0.0,0.68,17.2,5.6,1.0,-0.01,0.32,0.5,3.0,2.0,2.0,3.0,-8.1,7.0,1.0,-3.5,0.0,0.0,1.0
DH,0.0,0.1,0.3,0.4,1.7,0.22,1.0,3.0,1.0,5.0,0.4,81.0,0.0,2.0,2.0,-0.7,0.0,3.0,6.6,0.0,5.0,5.0,1.0,7.0,12.0,24.0,3.0,3.0,17.0,4.0,0.0,0.18,1.72,9.0,-0.01,0.0,0.0,-0.117,0.067,0.0,-1.3,10.0,8.0,4.0,61.0,1.0,0.0,0.68,17.2,5.6,1.0,-0.01,0.32,0.5,3.0,2.0,2.0,3.0,-8.1,7.0,1.0,-3.5,0.0,0.0,1.0
HC,4.0,-1.2,-1.5,-1.3,-1.6,0.18,3.0,2.0,2.0,9.0,-1.3,174.0,3.0,4.0,7.0,-8.2,0.0,1.0,9.0,0.0,23.0,20.0,0.0,30.0,33.0,2.0,23.0,5.0,12.0,3.0,0.0,-0.29,2.56,10.0,-0.04,-0.01,6.0,0.527,0.425,4.0,-1.8,3.0,2.0,1.0,69.0,0.0,3.0,0.69,13.5,3.9,18.0,-1.5,-5.95,-1.7,2.0,5.0,1.0,2.0,-9.3,29.0,7.0,-5.0,2.0,1.0,3.0
CH,4.0,-1.2,-1.5,-1.3,-1.6,0.18,3.0,2.0,2.0,9.0,-1.3,174.0,3.0,4.0,7.0,-8.2,0.0,1.0,9.0,0.0,23.0,20.0,0.0,30.0,33.0,2.0,23.0,5.0,12.0,3.0,0.0,-0.29,2.56,10.0,-0.04,-0.01,6.0,0.527,0.425,4.0,-1.8,3.0,2.0,1.0,69.0,0.0,3.0,0.69,13.5,3.9,18.0,-1.5,-5.95,-1.7,2.0,5.0,1.0,2.0,-9.3,29.0,7.0,-5.0,2.0,1.0,3.0
HQ,3.0,3.2,2.4,1.4,3.6,0.05,3.0,4.0,1.0,9.0,1.2,24.0,1.0,1.0,1.0,1.4,2.0,7.0,5.0,0.0,2.0,4.0,2.0,13.0,4.0,13.0,2.0,4.0,8.0,4.0,2.0,0.37,0.32,11.0,0.08,0.12,0.0,0.63,0.614,4.0,-0.5,4.0,6.0,2.0,93.0,0.0,0.0,0.79,21.2,6.4,2.0,-0.46,-2.24,1.4,1.0,0.0,4.0,0.0,-7.7,3.0,2.0,-0.5,2.0,1.0,0.0
QH,3.0,3.2,2.4,1.4,3.6,0.05,3.0,4.0,1.0,9.0,1.2,24.0,1.0,1.0,1.0,1.4,2.0,7.0,5.0,0.0,2.0,4.0,2.0,13.0,4.0,13.0,2.0,4.0,8.0,4.0,2.0,0.37,0.32,11.0,0.08,0.12,0.0,0.63,0.614,4.0,-0.5,4.0,6.0,2.0,93.0,0.0,0.0,0.79,21.2,6.4,2.0,-0.46,-2.24,1.4,1.0,0.0,4.0,0.0,-7.7,3.0,2.0,-0.5,2.0,1.0,0.0
HE,1.0,-0.2,-0.2,0.2,0.3,-0.19,1.0,2.0,2.0,5.0,0.4,40.0,0.0,0.0,0.0,-2.3,0.0,2.0,0.0,0.0,3.0,3.0,1.0,3.0,5.0,16.0,2.0,1.0,5.0,2.0,0.0,0.13,0.96,11.0,-0.14,-0.14,2.0,0.121,-0.102,0.0,-0.6,8.0,4.0,1.0,68.0,1.0,1.0,0.78,15.7,5.6,0.0,-0.62,-1.29,0.3,2.0,11.0,3.0,1.0,-7.8,2.0,1.0,-3.0,1.0,0.0,1.0
EH,1.0,-0.2,-0.2,0.2,0.3,-0.19,1.0,2.0,2.0,5.0,0.4,40.0,0.0,0.0,0.0,-2.3,0.0,2.0,0.0,0.0,3.0,3.0,1.0,3.0,5.0,16.0,2.0,1.0,5.0,2.0,0.0,0.13,0.96,11.0,-0.14,-0.14,2.0,0.121,-0.102,0.0,-0.6,8.0,4.0,1.0,68.0,1.0,1.0,0.78,15.7,5.6,0.0,-0.62,-1.29,0.3,2.0,11.0,3.0,1.0,-7.8,2.0,1.0,-3.0,1.0,0.0,1.0
HG,4.0,-2.1,-2.0,-1.6,-2.2,0.18,2.0,1.0,2.0,9.0,-1.4,98.0,2.0,3.0,4.0,-3.2,2.0,3.0,0.0,0.0,13.0,14.0,0.0,32.0,4.0,3.0,12.0,1.0,5.0,2.0,0.0,-0.19,2.78,7.0,0.06,0.09,3.0,0.497,0.0,0.0,-1.2,8.0,6.0,5.0,75.0,1.0,1.0,0.71,12.2,3.8,2.0,-0.4,-1.24,-1.7,3.0,5.0,1.0,3.0,-7.7,18.0,4.0,-5.5,3.0,1.0,2.0
GH,4.0,-2.1,-2.0,-1.6,-2.2,0.18,2.0,1.0,2.0,9.0,-1.4,98.0,2.0,3.0,4.0,-3.2,2.0,3.0,0.0,0.0,13.0,14.0,0.0,32.0,4.0,3.0,12.0,1.0,5.0,2.0,0.0,-0.19,2.78,7.0,0.06,0.09,3.0,0.497,0.0,0.0,-1.2,8.0,6.0,5.0,75.0,1.0,1.0,0.71,12.2,3.8,2.0,-0.4,-1.24,-1.7,3.0,5.0,1.0,3.0,-7.7,18.0,4.0,-5.5,3.0,1.0,2.0
HH,7.0,6.1,6.1,6.1,4.7,1.0,6.0,6.0,0.0,10.0,6.0,0.0,10.0,11.0,12.0,12.7,6.0,11.0,10.0,2.0,54.0,65.0,43.0,95.0,84.0,18.0,55.0,52.0,55.0,8.0,6.0,0.54,0.0,16.0,1.0,1.0,8.0,1.0,1.0,8.0,2.2,100.0,7.0,5.0,100.0,4.0,4.0,0.99,30.8,11.2,23.0,5.89,15.72,6.8,5.0,3.0,11.0,1.0,-6.1,86.0,11.0,10.0,9.0,6.0,9.0
IA,1.0,0.1,-0.4,-0.8,-1.8,-0.1,1.0,2.0,2.0,8.0,-0.8,94.0,1.0,2.0,3.0,-2.2,0.0,0.0,0.0,0.0,1.0,1.0,5.0,2.0,2.0,8.0,1.0,6.0,7.0,2.0,0.0,-0.45,2.69,9.0,-0.25,-0.26,2.0,0.476,0.888,5.0,1.7,17.0,6.0,3.0,91.0,0.0,1.0,1.11,17.2,4.4,0.0,-0.97,-1.72,0.3,2.0,1.0,0.0,1.0,-7.1,5.0,0.0,0.0,1.0,1.0,2.0
AI,1.0,0.1,-0.4,-0.8,-1.8,-0.1,1.0,2.0,2.0,8.0,-0.8,94.0,1.0,2.0,3.0,-2.2,0.0,0.0,0.0,0.0,1.0,1.0,5.0,2.0,2.0,8.0,1.0,6.0,7.0,2.0,0.0,-0.45,2.69,9.0,-0.25,-0.26,2.0,0.476,0.888,5.0,1.7,17.0,6.0,3.0,91.0,0.0,1.0,1.11,17.2,4.4,0.0,-0.97,-1.72,0.3,2.0,1.0,0.0,1.0,-7.1,5.0,0.0,0.0,1.0,1.0,2.0
IR,2.0,-3.8,-3.2,-2.6,-1.2,-0.29,2.0,2.0,2.0,3.0,-2.4,97.0,3.0,4.0,5.0,-5.4,3.0,3.0,0.0,1.0,4.0,4.0,3.0,1.0,2.0,14.0,6.0,6.0,9.0,1.0,0.0,-0.82,2.49,4.0,0.05,0.06,3.0,0.305,0.108,0.0,1.4,25.0,11.0,10.0,4.0,2.0,1.0,1.23,14.3,2.8,7.0,-1.4,-3.93,-1.9,7.0,1.0,0.0,1.0,-7.7,28.0,6.0,-5.5,4.0,2.0,3.0
RI,2.0,-3.8,-3.2,-2.6,-1.2,-0.29,2.0,2.0,2.0,3.0,-2.4,97.0,3.0,4.0,5.0,-5.4,3.0,3.0,0.0,1.0,4.0,4.0,3.0,1.0,2.0,14.0,6.0,6.0,9.0,1.0,0.0,-0.82,2.49,4.0,0.05,0.06,3.0,0.305,0.108,0.0,1.4,25.0,11.0,10.0,4.0,2.0,1.0,1.23,14.3,2.8,7.0,-1.4,-3.93,-1.9,7.0,1.0,0.0,1.0,-7.7,28.0,6.0,-5.5,4.0,2.0,3.0
IN,2.0,-2.5,-2.7,-2.8,0.9,-0.37,2.0,2.0,1.0,7.0,-2.8,149.0,2.0,5.0,6.0,-4.7,2.0,3.0,0.0,1.0,3.0,3.0,6.0,0.0,8.0,14.0,4.0,7.0,12.0,1.0,0.0,-0.83,3.37,5.0,-0.06,-0.07,3.0,0.452,-0.101,0.0,0.9,32.0,11.0,11.0,51.0,1.0,2.0,1.12,14.8,2.4,8.0,-2.43,-5.78,-2.4,9.0,4.0,8.0,7.0,-7.6,32.0,3.0,-4.0,4.0,3.0,5.0
NI,2.0,-2.5,-2.7,-2.8,0.9,-0.37,2.0,2.0,1.0,7.0,-2.8,149.0,2.0,5.0,6.0,-4.7,2.0,3.0,0.0,1.0,3.0,3.0,6.0,0.0,8.0,14.0,4.0,7.0,12.0,1.0,0.0,-0.83,3.37,5.0,-0.06,-0.07,3.0,0.452,-0.101,0.0,0.9,32.0,11.0,11.0,51.0,1.0,2.0,1.12,14.8,2.4,8.0,-2.43,-5.78,-2.4,9.0,4.0,8.0,7.0,-7.6,32.0,3.0,-4.0,4.0,3.0,5.0
ID,3.0,-4.2,-4.0,-3.9,-2.1,-0.54,2.0,1.0,2.0,3.0,-3.8,168.0,4.0,5.0,7.0,-4.8,3.0,3.0,0.0,1.0,7.0,6.0,9.0,13.0,10.0,22.0,9.0,12.0,17.0,0.0,0.0,-0.78,3.98,3.0,-0.28,-0.29,3.0,0.242,-0.185,0.0,0.0,39.0,14.0,12.0,23.0,4.0,1.0,1.06,13.7,1.4,9.0,-2.77,-6.18,-2.9,9.0,4.0,7.0,3.0,-8.3,34.0,5.0,-6.5,6.0,4.0,6.0
DI,3.0,-4.2,-4.0,-3.9,-2.1,-0.54,2.0,1.0,2.0,3.0,-3.8,168.0,4.0,5.0,7.0,-4.8,3.0,3.0,0.0,1.0,7.0,6.0,9.0,13.0,10.0,22.0,9.0,12.0,17.0,0.0,0.0,-0.78,3.98,3.0,-0.28,-0.29,3.0,0.242,-0.185,0.0,0.0,39.0,14.0,12.0,23.0,4.0,1.0,1.06,13.7,1.4,9.0,-2.77,-6.18,-2.9,9.0,4.0,7.0,3.0,-8.3,34.0,5.0,-6.5,6.0,4.0,6.0
IC,3.0,-3.6,-2.4,-1.2,-1.9,0.26,2.0,2.0,2.0,9.0,-1.1,198.0,3.0,2.0,2.0,-7.7,2.0,1.0,0.0,0.0,13.0,17.0,4.0,3.0,26.0,29.0,13.0,5.0,30.0,1.0,0.0,-0.13,1.63,8.0,-0.15,-0.16,4.0,-0.029,0.717,4.0,-1.6,12.0,2.0,4.0,93.0,0.0,1.0,0.96,20.9,4.1,3.0,0.13,-0.13,-3.2,4.0,1.0,1.0,4.0,-9.0,6.0,3.0,-0.5,1.0,0.0,1.0
CI,3.0,-3.6,-2.4,-1.2,-1.9,0.26,2.0,2.0,2.0,9.0,-1.1,198.0,3.0,2.0,2.0,-7.7,2.0,1.0,0.0,0.0,13.0,17.0,4.0,3.0,26.0,29.0,13.0,5.0,30.0,1.0,0.0,-0.13,1.63,8.0,-0.15,-0.16,4.0,-0.029,0.717,4.0,-1.6,12.0,2.0,4.0,93.0,0.0,1.0,0.96,20.9,4.1,3.0,0.13,-0.13,-3.2,4.0,1.0,1.0,4.0,-9.0,6.0,3.0,-0.5,1.0,0.0,1.0
IQ,3.0,-3.8,-2.7,-2.0,-1.9,-0.43,2.0,1.0,3.0,7.0,-1.9,109.0,2.0,4.0,5.0,-7.0,3.0,4.0,0.0,1.0,3.0,4.0,4.0,0.0,7.0,14.0,4.0,6.0,13.0,0.0,0.0,-0.95,2.57,6.0,-0.13,-0.15,5.0,0.372,0.511,2.0,1.4,20.0,12.0,12.0,55.0,0.0,3.0,1.1,15.8,3.3,7.0,-1.47,-3.26,-0.9,7.0,1.0,3.0,0.0,-7.9,30.0,3.0,-3.5,4.0,2.0,3.0
QI,3.0,-3.8,-2.7,-2.0,-1.9,-0.43,2.0,1.0,3.0,7.0,-1.9,109.0,2.0,4.0,5.0,-7.0,3.0,4.0,0.0,1.0,3.0,4.0,4.0,0.0,7.0,14.0,4.0,6.0,13.0,0.0,0.0,-0.95,2.57,6.0,-0.13,-0.15,5.0,0.372,0.511,2.0,1.4,20.0,12.0,12.0,55.0,0.0,3.0,1.1,15.8,3.3,7.0,-1.47,-3.26,-0.9,7.0,1.0,3.0,0.0,-7.9,30.0,3.0,-3.5,4.0,2.0,3.0
IE,3.0,-4.1,-3.6,-2.9,-2.3,-0.51,2.0,1.0,3.0,3.0,-2.7,134.0,3.0,5.0,6.0,-4.8,3.0,4.0,0.0,1.0,3.0,5.0,10.0,2.0,7.0,18.0,5.0,10.0,13.0,1.0,0.0,-0.86,3.39,4.0,-0.14,-0.13,3.0,0.212,-0.135,0.0,1.5,36.0,11.0,10.0,29.0,4.0,1.0,1.15,14.9,2.5,8.0,-1.81,-5.89,-3.1,9.0,4.0,3.0,3.0,-8.3,33.0,5.0,-7.0,5.0,3.0,4.0
EI,3.0,-4.1,-3.6,-2.9,-2.3,-0.51,2.0,1.0,3.0,3.0,-2.7,134.0,3.0,5.0,6.0,-4.8,3.0,4.0,0.0,1.0,3.0,5.0,10.0,2.0,7.0,18.0,5.0,10.0,13.0,1.0,0.0,-0.86,3.39,4.0,-0.14,-0.13,3.0,0.212,-0.135,0.0,1.5,36.0,11.0,10.0,29.0,4.0,1.0,1.15,14.9,2.5,8.0,-1.81,-5.89,-3.1,9.0,4.0,3.0,3.0,-8.3,33.0,5.0,-7.0,5.0,3.0,4.0
IG,4.0,-3.4,-3.8,-4.3,-2.5,-0.22,3.0,2.0,2.0,7.0,-4.5,135.0,4.0,6.0,7.0,-5.5,3.0,2.0,0.0,1.0,16.0,20.0,5.0,6.0,8.0,9.0,18.0,8.0,11.0,1.0,0.0,-0.58,3.6,6.0,-0.23,-0.24,5.0,0.429,0.0,0.0,0.0,21.0,10.0,8.0,87.0,2.0,2.0,1.25,14.7,0.7,3.0,-2.93,-8.58,-3.7,7.0,0.0,4.0,1.0,-8.0,41.0,2.0,-2.5,7.0,4.0,6.0
GI,4.0,-3.4,-3.8,-4.3,-2.5,-0.22,3.0,2.0,2.0,7.0,-4.5,135.0,4.0,6.0,7.0,-5.5,3.0,2.0,0.0,1.0,16.0,20.0,5.0,6.0,8.0,9.0,18.0,8.0,11.0,1.0,0.0,-0.58,3.6,6.0,-0.23,-0.24,5.0,0.429,0.0,0.0,0.0,21.0,10.0,8.0,87.0,2.0,2.0,1.25,14.7,0.7,3.0,-2.93,-8.58,-3.7,7.0,0.0,4.0,1.0,-8.0,41.0,2.0,-2.5,7.0,4.0,6.0
IH,4.0,-3.7,-3.2,-2.3,-1.8,-0.14,2.0,1.0,2.0,8.0,-2.2,94.0,3.0,5.0,6.0,-5.1,3.0,4.0,0.0,1.0,10.0,10.0,4.0,17.0,13.0,15.0,12.0,9.0,15.0,2.0,0.0,-0.69,2.45,8.0,0.01,0.0,5.0,0.406,0.378,3.0,-0.8,3.0,4.0,3.0,62.0,1.0,2.0,1.24,12.4,3.0,4.0,-1.76,-4.44,-1.8,3.0,1.0,4.0,1.0,-8.2,28.0,5.0,-4.0,4.0,2.0,3.0
HI,4.0,-3.7,-3.2,-2.3,-1.8,-0.14,2.0,1.0,2.0,8.0,-2.2,94.0,3.0,5.0,6.0,-5.1,3.0,4.0,0.0,1.0,10.0,10.0,4.0,17.0,13.0,15.0,12.0,9.0,15.0,2.0,0.0,-0.69,2.45,8.0,0.01,0.0,5.0,0.406,0.378,3.0,-0.8,3.0,4.0,3.0,62.0,1.0,2.0,1.24,12.4,3.0,4.0,-1.76,-4.44,-1.8,3.0,1.0,4.0,1.0,-8.2,28.0,5.0,-4.0,4.0,2.0,3.0
II,6.0,4.4,4.2,4.0,4.1,1.0,5.0,6.0,0.0,10.0,4.0,0.0,5.0,6.0,7.0,8.1,4.0,2.0,10.0,2.0,50.0,31.0,41.0,17.0,29.0,20.0,49.0,38.0,28.0,8.0,5.0,0.75,0.0,16.0,1.0,1.0,6.0,1.0,1.0,8.0,2.2,100.0,10.0,11.0,100.0,4.0,0.0,1.33,24.7,9.2,10.0,2.76,6.74,4.5,10.0,2.0,1.0,0.0,-5.5,35.0,5.0,6.0,6.0,4.0,5.0
LA,3.0,-1.3,-1.7,-1.4,-2.3,0.2,2.0,2.0,2.0,8.0,-1.2,96.0,1.0,2.0,3.0,-3.3,1.0,2.0,5.0,0.0,1.0,10.0,18.0,14.0,7.0,6.0,3.0,19.0,7.0,2.0,0.0,-0.45,2.76,11.0,0.51,0.54,2.0,0.555,0.862,5.0,1.3,6.0,2.0,0.0,93.0,0.0,1.0,0.97,13.6,4.0,2.0,-0.39,-1.09,-0.2,0.0,3.0,0.0,2.0,-6.7,7.0,1.0,0.0,2.0,1.0,2.0
AL,3.0,-1.3,-1.7,-1.4,-2.3,0.2,2.0,2.0,2.0,8.0,-1.2,96.0,1.0,2.0,3.0,-3.3,1.0,2.0,5.0,0.0,1.0,10.0,18.0,14.0,7.0,6.0,3.0,19.0,7.0,2.0,0.0,-0.45,2.76,11.0,0.51,0.54,2.0,0.555,0.862,5.0,1.3,6.0,2.0,0.0,93.0,0.0,1.0,0.97,13.6,4.0,2.0,-0.39,-1.09,-0.2,0.0,3.0,0.0,2.0,-6.7,7.0,1.0,0.0,2.0,1.0,2.0
LR,4.0,-3.2,-2.9,-2.4,-0.4,-0.2,3.0,2.0,1.0,3.0,-2.2,102.0,2.0,3.0,4.0,-3.7,3.0,3.0,6.6,1.0,4.0,10.0,7.0,3.0,8.0,12.0,7.0,10.0,10.0,2.0,0.0,-0.74,2.62,6.0,0.0,0.03,3.0,0.446,0.049,0.0,1.2,24.0,8.0,7.0,6.0,1.0,1.0,1.05,12.2,3.0,4.0,-1.19,-2.83,-1.5,5.0,2.0,2.0,2.0,-7.9,20.0,6.0,-4.5,3.0,2.0,3.0
RL,4.0,-3.2,-2.9,-2.4,-0.4,-0.2,3.0,2.0,1.0,3.0,-2.2,102.0,2.0,3.0,4.0,-3.7,3.0,3.0,6.6,1.0,4.0,10.0,7.0,3.0,8.0,12.0,7.0,10.0,10.0,2.0,0.0,-0.74,2.62,6.0,0.0,0.03,3.0,0.446,0.049,0.0,1.2,24.0,8.0,7.0,6.0,1.0,1.0,1.05,12.2,3.0,4.0,-1.19,-2.83,-1.5,5.0,2.0,2.0,2.0,-7.9,20.0,6.0,-4.5,3.0,2.0,3.0
LN,4.0,-3.4,-3.5,-3.1,-2.2,-0.39,3.0,1.0,2.0,7.0,-3.0,153.0,3.0,5.0,6.0,-4.8,3.0,4.0,0.0,1.0,4.0,10.0,12.0,6.0,11.0,15.0,7.0,14.0,13.0,1.0,0.0,-0.9,3.49,7.0,-0.23,-0.24,3.0,0.191,-0.172,0.0,0.8,35.0,9.0,9.0,52.0,1.0,2.0,0.97,11.7,2.2,7.0,-2.1,-5.64,-2.4,7.0,0.0,2.0,0.0,-7.7,32.0,3.0,-3.5,4.0,3.0,4.0
NL,4.0,-3.4,-3.5,-3.1,-2.2,-0.39,3.0,1.0,2.0,7.0,-3.0,153.0,3.0,5.0,6.0,-4.8,3.0,4.0,0.0,1.0,4.0,10.0,12.0,6.0,11.0,15.0,7.0,14.0,13.0,1.0,0.0,-0.9,3.49,7.0,-0.23,-0.24,3.0,0.191,-0.172,0.0,0.8,35.0,9.0,9.0,52.0,1.0,2.0,0.97,11.7,2.2,7.0,-2.1,-5.64,-2.4,7.0,0.0,2.0,0.0,-7.7,32.0,3.0,-3.5,4.0,3.0,4.0
LD,5.0,-5.3,-4.9,-4.2,-2.4,-0.55,4.0,1.0,2.0,3.0,-4.0,172.0,3.0,5.0,7.0,-8.0,4.0,5.0,0.0,1.0,10.0,16.0,18.0,20.0,21.0,27.0,14.0,21.0,22.0,1.0,0.0,-0.75,4.1,6.0,0.01,0.01,6.0,0.261,-0.249,0.0,-0.2,40.0,11.0,10.0,25.0,3.0,1.0,0.96,12.5,1.2,10.0,-2.65,-7.41,-3.4,8.0,1.0,7.0,3.0,-7.1,43.0,5.0,-6.0,6.0,4.0,5.0
DL,5.0,-5.3,-4.9,-4.2,-2.4,-0.55,4.0,1.0,2.0,3.0,-4.0,172.0,3.0,5.0,7.0,-8.0,4.0,5.0,0.0,1.0,10.0,16.0,18.0,20.0,21.0,27.0,14.0,21.0,22.0,1.0,0.0,-0.75,4.1,6.0,0.01,0.01,6.0,0.261,-0.249,0.0,-0.2,40.0,11.0,10.0,25.0,3.0,1.0,0.96,12.5,1.2,10.0,-2.65,-7.41,-3.4,8.0,1.0,7.0,3.0,-7.1,43.0,5.0,-6.0,6.0,4.0,5.0
LC,7.0,-3.8,-2.6,-1.6,-1.3,0.23,6.0,2.0,2.0,9.0,-1.5,198.0,2.0,2.0,3.0,-8.7,3.0,1.0,0.0,0.0,1.0,35.0,3.0,11.0,34.0,29.0,10.0,8.0,34.0,0.0,0.0,-0.02,1.65,11.0,-0.27,-0.29,6.0,0.501,0.787,5.0,-1.5,15.0,1.0,2.0,95.0,0.0,1.0,0.84,15.5,3.7,11.0,-0.31,-0.82,-1.6,2.0,4.0,2.0,2.0,-7.7,6.0,2.0,1.0,4.0,2.0,2.0
CL,7.0,-3.8,-2.6,-1.6,-1.3,0.23,6.0,2.0,2.0,9.0,-1.5,198.0,2.0,2.0,3.0,-8.7,3.0,1.0,0.0,0.0,1.0,35.0,3.0,11.0,34.0,29.0,10.0,8.0,34.0,0.0,0.0,-0.02,1.65,11.0,-0.27,-0.29,6.0,0.501,0.787,5.0,-1.5,15.0,1.0,2.0,95.0,0.0,1.0,0.84,15.5,3.7,11.0,-0.31,-0.82,-1.6,2.0,4.0,2.0,2.0,-7.7,6.0,2.0,1.0,4.0,2.0,2.0
LQ,2.0,-2.4,-2.0,-1.7,0.1,-0.3,2.0,2.0,1.0,7.0,-1.6,113.0,2.0,3.0,4.0,-4.4,2.0,2.0,9.0,1.0,2.0,12.0,13.0,7.0,13.0,9.0,6.0,14.0,12.0,3.0,0.0,-0.74,2.7,9.0,0.29,0.35,3.0,0.251,0.439,3.0,1.1,26.0,9.0,9.0,57.0,0.0,2.0,1.07,13.3,3.6,10.0,-1.49,-4.56,-1.2,5.0,2.0,5.0,2.0,-7.4,23.0,3.0,-3.5,2.0,2.0,3.0
QL,2.0,-2.4,-2.0,-1.7,0.1,-0.3,2.0,2.0,1.0,7.0,-1.6,113.0,2.0,3.0,4.0,-4.4,2.0,2.0,9.0,1.0,2.0,12.0,13.0,7.0,13.0,9.0,6.0,14.0,12.0,3.0,0.0,-0.74,2.7,9.0,0.29,0.35,3.0,0.251,0.439,3.0,1.1,26.0,9.0,9.0,57.0,0.0,2.0,1.07,13.3,3.6,10.0,-1.49,-4.56,-1.2,5.0,2.0,5.0,2.0,-7.4,23.0,3.0,-3.5,2.0,2.0,3.0
LE,4.0,-5.0,-4.4,-3.1,-2.5,-0.45,3.0,1.0,2.0,3.0,-2.8,138.0,2.0,4.0,6.0,-5.6,4.0,5.0,5.0,1.0,4.0,14.0,16.0,10.0,13.0,21.0,8.0,18.0,14.0,1.0,0.0,-0.8,3.53,7.0,0.57,0.62,4.0,0.291,-0.223,0.0,0.9,40.0,8.0,7.0,31.0,3.0,0.0,1.12,11.4,2.4,8.0,-2.11,-5.62,-1.5,6.0,1.0,2.0,0.0,-7.4,31.0,5.0,-7.0,4.0,3.0,4.0
EL,4.0,-5.0,-4.4,-3.1,-2.5,-0.45,3.0,1.0,2.0,3.0,-2.8,138.0,2.0,4.0,6.0,-5.6,4.0,5.0,5.0,1.0,4.0,14.0,16.0,10.0,13.0,21.0,8.0,18.0,14.0,1.0,0.0,-0.8,3.53,7.0,0.57,0.62,4.0,0.291,-0.223,0.0,0.9,40.0,8.0,7.0,31.0,3.0,0.0,1.12,11.4,2.4,8.0,-2.11,-5.62,-1.5,6.0,1.0,2.0,0.0,-7.4,31.0,5.0,-7.0,4.0,3.0,4.0
LG,5.0,-4.6,-4.9,-4.6,-2.2,-0.14,4.0,2.0,1.0,7.0,-4.4,138.0,3.0,5.0,7.0,-7.2,4.0,4.0,0.0,1.0,17.0,32.0,15.0,21.0,21.0,9.0,22.0,19.0,15.0,1.0,0.0,-0.56,3.67,6.0,-0.54,-0.56,5.0,0.327,0.0,1.0,-0.2,16.0,9.0,8.0,89.0,1.0,3.0,1.09,11.5,0.8,6.0,-1.98,-6.55,-3.8,6.0,2.0,4.0,2.0,-8.0,42.0,2.0,-2.0,6.0,4.0,5.0
GL,5.0,-4.6,-4.9,-4.6,-2.2,-0.14,4.0,2.0,1.0,7.0,-4.4,138.0,3.0,5.0,7.0,-7.2,4.0,4.0,0.0,1.0,17.0,32.0,15.0,21.0,21.0,9.0,22.0,19.0,15.0,1.0,0.0,-0.56,3.67,6.0,-0.54,-0.56,5.0,0.327,0.0,1.0,-0.2,16.0,9.0,8.0,89.0,1.0,3.0,1.09,11.5,0.8,6.0,-1.98,-6.55,-3.8,6.0,2.0,4.0,2.0,-8.0,42.0,2.0,-2.0,6.0,4.0,5.0
LH,3.0,-2.2,-2.1,-1.9,-0.1,-0.12,2.0,3.0,1.0,8.0,-1.9,99.0,2.0,4.0,5.0,-4.2,2.0,4.0,0.0,1.0,6.0,18.0,12.0,10.0,9.0,15.0,10.0,14.0,13.0,2.0,0.0,-0.5,2.59,10.0,-0.09,-0.13,3.0,0.457,0.289,2.0,-0.9,9.0,5.0,4.0,64.0,1.0,2.0,1.07,9.07,3.3,4.0,-0.93,-2.49,-2.4,3.0,3.0,0.0,2.0,-8.1,27.0,4.0,-4.0,3.0,2.0,3.0
HL,3.0,-2.2,-2.1,-1.9,-0.1,-0.12,2.0,3.0,1.0,8.0,-1.9,99.0,2.0,4.0,5.0,-4.2,2.0,4.0,0.0,1.0,6.0,18.0,12.0,10.0,9.0,15.0,10.0,14.0,13.0,2.0,0.0,-0.5,2.59,10.0,-0.09,-0.13,3.0,0.457,0.289,2.0,-0.9,9.0,5.0,4.0,64.0,1.0,2.0,1.07,9.07,3.3,4.0,-0.93,-2.49,-2.4,3.0,3.0,0.0,2.0,-8.1,27.0,4.0,-4.0,3.0,2.0,3.0
LI,1.0,2.4,2.7,2.8,1.2,0.6,2.0,5.0,1.0,10.0,2.8,5.0,2.0,2.0,2.0,2.6,2.0,1.0,0.0,0.0,19.0,9.0,13.0,0.0,16.0,11.0,19.0,7.0,13.0,5.0,3.0,0.48,0.14,10.0,0.25,0.27,2.0,0.57,0.96,6.0,2.1,46.0,8.0,8.0,98.0,1.0,1.0,1.21,21.0,8.0,7.0,1.56,3.86,3.4,7.0,3.0,7.0,5.0,-5.5,28.0,2.0,3.5,3.0,3.0,2.0
IL,1.0,2.4,2.7,2.8,1.2,0.6,2.0,5.0,1.0,10.0,2.8,5.0,2.0,2.0,2.0,2.6,2.0,1.0,0.0,0.0,19.0,9.0,13.0,0.0,16.0,11.0,19.0,7.0,13.0,5.0,3.0,0.48,0.14,10.0,0.25,0.27,2.0,0.57,0.96,6.0,2.1,46.0,8.0,8.0,98.0,1.0,1.0,1.21,21.0,8.0,7.0,1.56,3.86,3.4,7.0,3.0,7.0,5.0,-5.5,28.0,2.0,3.5,3.0,3.0,2.0
LL,5.0,4.8,4.6,4.2,3.4,1.0,6.0,6.0,0.0,10.0,4.0,0.0,5.0,6.0,6.0,7.3,5.0,3.0,10.0,2.0,45.0,37.0,54.0,25.0,42.0,25.0,48.0,45.0,34.0,8.0,5.0,0.61,0.0,16.0,1.0,1.0,5.0,1.0,1.0,8.0,2.2,100.0,9.0,10.0,100.0,4.0,0.0,1.12,24.8,9.2,10.0,2.43,6.38,5.2,9.0,3.0,2.0,0.0,-4.0,32.0,4.0,5.0,6.0,4.0,5.0
KA,2.0,-1.9,-1.0,-0.4,-1.9,-0.07,1.0,3.0,2.0,5.0,-0.4,106.0,1.0,1.0,1.0,-0.9,1.0,2.0,6.6,0.0,1.0,6.0,10.0,1.0,6.0,4.0,1.0,6.0,3.0,3.0,0.0,-0.2,2.96,10.0,0.55,0.6,1.0,0.398,0.281,2.0,1.4,2.0,1.0,1.0,35.0,1.0,0.0,0.65,17.1,4.8,0.0,-0.38,-1.22,-0.2,0.0,1.0,1.0,1.0,-6.7,10.0,7.0,-5.5,1.0,1.0,2.0
AK,2.0,-1.9,-1.0,-0.4,-1.9,-0.07,1.0,3.0,2.0,5.0,-0.4,106.0,1.0,1.0,1.0,-0.9,1.0,2.0,6.6,0.0,1.0,6.0,10.0,1.0,6.0,4.0,1.0,6.0,3.0,3.0,0.0,-0.2,2.96,10.0,0.55,0.6,1.0,0.398,0.281,2.0,1.4,2.0,1.0,1.0,35.0,1.0,0.0,0.65,17.1,4.8,0.0,-0.38,-1.22,-0.2,0.0,1.0,1.0,1.0,-6.7,10.0,7.0,-5.5,1.0,1.0,2.0
KR,2.0,4.3,3.9,2.9,-0.2,0.47,3.0,5.0,1.0,10.0,2.7,26.0,3.0,3.0,3.0,3.2,4.0,9.0,9.0,1.0,6.0,10.0,5.0,22.0,9.0,22.0,7.0,9.0,14.0,5.0,3.0,0.04,0.4,11.0,0.14,0.21,2.0,0.236,0.872,6.0,2.1,24.0,21.0,14.0,78.0,2.0,0.0,0.84,21.9,7.9,7.0,1.42,3.89,3.4,9.0,4.0,6.0,3.0,-6.6,31.0,1.0,-0.5,4.0,3.0,2.0
RK,2.0,4.3,3.9,2.9,-0.2,0.47,3.0,5.0,1.0,10.0,2.7,26.0,3.0,3.0,3.0,3.2,4.0,9.0,9.0,1.0,6.0,10.0,5.0,22.0,9.0,22.0,7.0,9.0,14.0,5.0,3.0,0.04,0.4,11.0,0.14,0.21,2.0,0.236,0.872,6.0,2.1,24.0,21.0,14.0,78.0,2.0,0.0,0.84,21.9,7.9,7.0,1.42,3.89,3.4,9.0,4.0,6.0,3.0,-6.6,31.0,1.0,-0.5,4.0,3.0,2.0
KN,1.0,1.0,1.0,0.9,3.5,0.22,1.0,4.0,1.0,6.0,0.8,94.0,0.0,0.0,0.0,0.1,1.0,5.0,0.0,1.0,1.0,10.0,2.0,6.0,1.0,16.0,2.0,3.0,7.0,4.0,0.0,0.38,1.84,11.0,-0.19,-0.22,0.0,0.208,0.49,2.0,1.0,17.0,12.0,10.0,75.0,0.0,0.0,0.72,17.7,6.0,2.0,0.83,1.64,1.6,6.0,1.0,1.0,0.0,-6.8,1.0,2.0,-3.5,0.0,1.0,0.0
NK,1.0,1.0,1.0,0.9,3.5,0.22,1.0,4.0,1.0,6.0,0.8,94.0,0.0,0.0,0.0,0.1,1.0,5.0,0.0,1.0,1.0,10.0,2.0,6.0,1.0,16.0,2.0,3.0,7.0,4.0,0.0,0.38,1.84,11.0,-0.19,-0.22,0.0,0.208,0.49,2.0,1.0,17.0,12.0,10.0,75.0,0.0,0.0,0.72,17.7,6.0,2.0,0.83,1.64,1.6,6.0,1.0,1.0,0.0,-6.8,1.0,2.0,-3.5,0.0,1.0,0.0
KD,1.0,-0.2,0.2,0.4,0.3,0.18,0.0,3.0,2.0,9.0,0.5,101.0,0.0,1.0,2.0,-1.5,0.0,3.0,5.0,0.0,2.0,13.0,4.0,9.0,2.0,30.0,1.0,2.0,8.0,3.0,0.0,0.16,2.05,11.0,0.13,0.14,1.0,0.184,-0.064,0.0,0.1,10.0,16.0,11.0,98.0,1.0,0.0,0.64,18.2,5.7,0.0,0.66,1.53,1.4,7.0,0.0,1.0,2.0,-6.9,4.0,5.0,-5.0,0.0,0.0,0.0
DK,1.0,-0.2,0.2,0.4,0.3,0.18,0.0,3.0,2.0,9.0,0.5,101.0,0.0,1.0,2.0,-1.5,0.0,3.0,5.0,0.0,2.0,13.0,4.0,9.0,2.0,30.0,1.0,2.0,8.0,3.0,0.0,0.16,2.05,11.0,0.13,0.14,1.0,0.184,-0.064,0.0,0.1,10.0,16.0,11.0,98.0,1.0,0.0,0.64,18.2,5.7,0.0,0.66,1.53,1.4,7.0,0.0,1.0,2.0,-6.9,4.0,5.0,-5.0,0.0,0.0,0.0
KC,7.0,-2.8,-3.3,-2.9,-3.2,-0.43,5.0,0.0,3.0,4.0,-2.8,202.0,3.0,5.0,6.0,-8.7,3.0,3.0,0.0,0.0,16.0,22.0,4.0,2.0,32.0,2.0,19.0,6.0,23.0,0.0,0.0,-0.81,3.27,9.0,-0.25,-0.31,4.0,0.054,0.002,0.0,-1.6,14.0,11.0,10.0,33.0,2.0,1.0,0.79,9.83,2.4,23.0,-2.19,-6.65,3.0,7.0,1.0,0.0,2.0,-8.5,29.0,10.0,-7.0,4.0,2.0,4.0
CK,7.0,-2.8,-3.3,-2.9,-3.2,-0.43,5.0,0.0,3.0,4.0,-2.8,202.0,3.0,5.0,6.0,-8.7,3.0,3.0,0.0,0.0,16.0,22.0,4.0,2.0,32.0,2.0,19.0,6.0,23.0,0.0,0.0,-0.81,3.27,9.0,-0.25,-0.31,4.0,0.054,0.002,0.0,-1.6,14.0,11.0,10.0,33.0,2.0,1.0,0.79,9.83,2.4,23.0,-2.19,-6.65,3.0,7.0,1.0,0.0,2.0,-8.5,29.0,10.0,-7.0,4.0,2.0,4.0
KQ,0.0,2.5,2.2,1.7,2.2,0.52,1.0,4.0,1.0,6.0,1.5,53.0,1.0,2.0,2.0,1.1,2.0,6.0,9.0,0.0,5.0,10.0,1.0,9.0,4.0,22.0,6.0,4.0,12.0,4.0,1.0,0.3,1.06,12.0,0.16,0.23,1.0,0.323,0.377,1.0,1.7,26.0,22.0,16.0,71.0,0.0,1.0,0.75,22.0,6.7,4.0,0.92,3.24,2.2,7.0,3.0,4.0,4.0,-6.7,15.0,1.0,-2.0,2.0,2.0,1.0
QK,0.0,2.5,2.2,1.7,2.2,0.52,1.0,4.0,1.0,6.0,1.5,53.0,1.0,2.0,2.0,1.1,2.0,6.0,9.0,0.0,5.0,10.0,1.0,9.0,4.0,22.0,6.0,4.0,12.0,4.0,1.0,0.3,1.06,12.0,0.16,0.23,1.0,0.323,0.377,1.0,1.7,26.0,22.0,16.0,71.0,0.0,1.0,0.75,22.0,6.7,4.0,0.92,3.24,2.2,7.0,3.0,4.0,4.0,-6.7,15.0,1.0,-2.0,2.0,2.0,1.0
KE,1.0,0.9,1.0,1.2,2.0,0.54,0.0,4.0,1.0,9.0,1.2,56.0,1.0,1.0,1.0,1.1,1.0,1.0,9.0,0.0,3.0,13.0,4.0,14.0,2.0,10.0,5.0,3.0,10.0,4.0,0.0,0.25,1.14,11.0,0.5,0.58,1.0,0.247,-0.051,1.0,1.4,24.0,17.0,13.0,96.0,1.0,2.0,0.78,19.2,6.4,6.0,1.11,3.08,1.2,9.0,2.0,4.0,3.0,-6.7,14.0,4.0,-7.5,1.0,1.0,1.0
EK,1.0,0.9,1.0,1.2,2.0,0.54,0.0,4.0,1.0,9.0,1.2,56.0,1.0,1.0,1.0,1.1,1.0,1.0,9.0,0.0,3.0,13.0,4.0,14.0,2.0,10.0,5.0,3.0,10.0,4.0,0.0,0.25,1.14,11.0,0.5,0.58,1.0,0.247,-0.051,1.0,1.4,24.0,17.0,13.0,96.0,1.0,2.0,0.78,19.2,6.4,6.0,1.11,3.08,1.2,9.0,2.0,4.0,3.0,-6.7,14.0,4.0,-7.5,1.0,1.0,1.0
KG,3.0,-1.4,-1.0,-1.1,-2.2,-0.23,2.0,2.0,2.0,5.0,-1.1,127.0,2.0,2.0,3.0,-3.5,1.0,1.0,0.0,0.0,15.0,2.0,4.0,2.0,1.0,2.0,12.0,1.0,0.0,3.0,0.0,-0.16,3.54,7.0,-0.34,-0.38,3.0,0.006,0.0,1.0,-0.1,11.0,1.0,0.0,39.0,1.0,1.0,0.76,15.6,4.1,0.0,-0.71,-1.82,0.4,0.0,2.0,0.0,1.0,-6.8,18.0,5.0,-4.5,2.0,1.0,2.0
GK,3.0,-1.4,-1.0,-1.1,-2.2,-0.23,2.0,2.0,2.0,5.0,-1.1,127.0,2.0,2.0,3.0,-3.5,1.0,1.0,0.0,0.0,15.0,2.0,4.0,2.0,1.0,2.0,12.0,1.0,0.0,3.0,0.0,-0.16,3.54,7.0,-0.34,-0.38,3.0,0.006,0.0,1.0,-0.1,11.0,1.0,0.0,39.0,1.0,1.0,0.76,15.6,4.1,0.0,-0.71,-1.82,0.4,0.0,2.0,0.0,1.0,-6.8,18.0,5.0,-4.5,2.0,1.0,2.0
KH,2.0,0.9,0.8,0.6,0.6,-0.09,0.0,3.0,2.0,5.0,0.6,32.0,1.0,1.0,1.0,0.1,1.0,4.0,0.0,0.0,8.0,6.0,6.0,9.0,19.0,14.0,6.0,2.0,1.0,4.0,0.0,0.14,0.79,11.0,-0.23,-0.26,0.0,0.072,0.488,3.0,-1.0,4.0,3.0,2.0,64.0,0.0,1.0,0.82,15.5,5.8,1.0,0.31,-0.17,1.1,1.0,2.0,1.0,3.0,-7.6,7.0,5.0,-5.5,0.0,0.0,1.0
HK,2.0,0.9,0.8,0.6,0.6,-0.09,0.0,3.0,2.0,5.0,0.6,32.0,1.0,1.0,1.0,0.1,1.0,4.0,0.0,0.0,8.0,6.0,6.0,9.0,19.0,14.0,6.0,2.0,1.0,4.0,0.0,0.14,0.79,11.0,-0.23,-0.26,0.0,0.072,0.488,3.0,-1.0,4.0,3.0,2.0,64.0,0.0,1.0,0.82,15.5,5.8,1.0,0.31,-0.17,1.1,1.0,2.0,1.0,3.0,-7.6,7.0,5.0,-5.5,0.0,0.0,1.0
KI,2.0,-3.8,-3.0,-2.3,0.7,-0.4,2.0,2.0,2.0,3.0,-2.1,102.0,3.0,4.0,5.0,-4.7,3.0,4.0,0.0,1.0,10.0,5.0,11.0,1.0,9.0,13.0,11.0,12.0,14.0,1.0,0.0,-1.01,2.84,4.0,-0.17,-0.18,3.0,0.088,0.099,1.0,1.0,17.0,13.0,12.0,26.0,2.0,1.0,1.11,14.2,3.1,7.0,-1.81,-4.82,-1.5,9.0,4.0,6.0,5.0,-8.1,31.0,7.0,-5.5,4.0,2.0,4.0
IK,2.0,-3.8,-3.0,-2.3,0.7,-0.4,2.0,2.0,2.0,3.0,-2.1,102.0,3.0,4.0,5.0,-4.7,3.0,4.0,0.0,1.0,10.0,5.0,11.0,1.0,9.0,13.0,11.0,12.0,14.0,1.0,0.0,-1.01,2.84,4.0,-0.17,-0.18,3.0,0.088,0.099,1.0,1.0,17.0,13.0,12.0,26.0,2.0,1.0,1.11,14.2,3.1,7.0,-1.81,-4.82,-1.5,9.0,4.0,6.0,5.0,-8.1,31.0,7.0,-5.5,4.0,2.0,4.0
KL,4.0,-4.1,-3.3,-2.4,-2.0,-0.34,3.0,2.0,2.0,3.0,-2.1,107.0,3.0,4.0,4.0,-3.4,3.0,4.0,9.0,1.0,11.0,15.0,21.0,8.0,14.0,11.0,15.0,21.0,13.0,2.0,0.0,-1.06,2.98,7.0,0.31,0.36,2.0,-0.08,-0.004,0.0,0.7,33.0,10.0,9.0,27.0,2.0,0.0,0.99,12.1,3.1,4.0,-1.96,-5.91,2.0,7.0,0.0,4.0,2.0,-7.2,21.0,7.0,-6.0,3.0,2.0,3.0
LK,4.0,-4.1,-3.3,-2.4,-2.0,-0.34,3.0,2.0,2.0,3.0,-2.1,107.0,3.0,4.0,4.0,-3.4,3.0,4.0,9.0,1.0,11.0,15.0,21.0,8.0,14.0,11.0,15.0,21.0,13.0,2.0,0.0,-1.06,2.98,7.0,0.31,0.36,2.0,-0.08,-0.004,0.0,0.7,33.0,10.0,9.0,27.0,2.0,0.0,0.99,12.1,3.1,4.0,-1.96,-5.91,2.0,7.0,0.0,4.0,2.0,-7.2,21.0,7.0,-6.0,3.0,2.0,3.0
KK,5.0,5.6,4.4,3.4,5.6,1.0,5.0,6.0,0.0,10.0,3.2,0.0,5.0,7.0,8.0,7.6,5.0,12.0,10.0,2.0,39.0,31.0,32.0,33.0,30.0,35.0,38.0,34.0,34.0,8.0,5.0,0.49,0.0,16.0,1.0,1.0,5.0,1.0,1.0,8.0,2.2,100.0,28.0,20.0,100.0,4.0,1.0,0.78,26.4,8.4,9.0,2.91,8.23,3.9,13.0,0.0,2.0,1.0,-5.5,37.0,5.0,6.0,5.0,3.0,5.0
MA,2.0,-0.2,-0.8,-0.8,-2.0,0.15,1.0,2.0,2.0,9.0,-0.7,84.0,1.0,1.0,2.0,-1.5,1.0,1.0,5.0,0.0,1.0,6.0,3.0,2.0,2.0,1.0,1.0,4.0,1.0,3.0,0.0,-0.47,2.42,11.0,0.39,0.43,0.0,0.207,0.858,5.0,1.0,2.0,2.0,1.0,89.0,1.0,2.0,0.97,16.2,4.5,2.0,-0.04,0.16,-0.2,0.0,4.0,0.0,2.0,-8.0,9.0,1.0,0.0,1.0,1.0,1.0
AM,2.0,-0.2,-0.8,-0.8,-2.0,0.15,1.0,2.0,2.0,9.0,-0.7,84.0,1.0,1.0,2.0,-1.5,1.0,1.0,5.0,0.0,1.0,6.0,3.0,2.0,2.0,1.0,1.0,4.0,1.0,3.0,0.0,-0.47,2.42,11.0,0.39,0.43,0.0,0.207,0.858,5.0,1.0,2.0,2.0,1.0,89.0,1.0,2.0,0.97,16.2,4.5,2.0,-0.04,0.16,-0.2,0.0,4.0,0.0,2.0,-8.0,9.0,1.0,0.0,1.0,1.0,1.0
MR,1.0,-3.0,-2.1,-1.8,-0.4,-0.17,0.0,2.0,1.0,3.0,-1.7,91.0,1.0,2.0,3.0,-4.2,2.0,0.0,9.0,1.0,0.0,6.0,0.0,2.0,2.0,3.0,2.0,2.0,2.0,1.0,0.0,-0.83,2.29,6.0,-0.1,-0.09,4.0,0.374,0.058,0.0,1.1,0.0,1.0,2.0,2.0,0.0,1.0,1.14,15.5,3.5,8.0,-0.63,-1.43,-1.4,2.0,5.0,0.0,0.0,-7.8,10.0,6.0,-4.0,2.0,1.0,2.0
RM,1.0,-3.0,-2.1,-1.8,-0.4,-0.17,0.0,2.0,1.0,3.0,-1.7,91.0,1.0,2.0,3.0,-4.2,2.0,0.0,9.0,1.0,0.0,6.0,0.0,2.0,2.0,3.0,2.0,2.0,2.0,1.0,0.0,-0.83,2.29,6.0,-0.1,-0.09,4.0,0.374,0.058,0.0,1.1,0.0,1.0,2.0,2.0,0.0,1.0,1.14,15.5,3.5,8.0,-0.63,-1.43,-1.4,2.0,5.0,0.0,0.0,-7.8,10.0,6.0,-4.0,2.0,1.0,2.0
MN,3.0,-2.5,-2.6,-2.2,0.1,-0.11,2.0,1.0,2.0,8.0,-2.2,142.0,2.0,3.0,4.0,-3.7,2.0,2.0,0.0,1.0,1.0,8.0,5.0,0.0,3.0,3.0,3.0,5.0,2.0,2.0,0.0,-0.97,3.08,6.0,-0.13,-0.13,2.0,0.438,-0.09,0.0,0.0,12.0,3.0,4.0,49.0,0.0,2.0,0.92,13.7,3.0,6.0,-2.01,-4.67,-2.1,3.0,1.0,3.0,3.0,-7.4,19.0,2.0,-3.0,3.0,2.0,3.0
NM,3.0,-2.5,-2.6,-2.2,0.1,-0.11,2.0,1.0,2.0,8.0,-2.2,142.0,2.0,3.0,4.0,-3.7,2.0,2.0,0.0,1.0,1.0,8.0,5.0,0.0,3.0,3.0,3.0,5.0,2.0,2.0,0.0,-0.97,3.08,6.0,-0.13,-0.13,2.0,0.438,-0.09,0.0,0.0,12.0,3.0,4.0,49.0,0.0,2.0,0.92,13.7,3.0,6.0,-2.01,-4.67,-2.1,3.0,1.0,3.0,3.0,-7.4,19.0,2.0,-3.0,3.0,2.0,3.0
MD,4.0,-4.3,-3.9,-3.2,-2.5,-0.25,3.0,0.0,3.0,4.0,-3.0,160.0,3.0,5.0,6.0,-5.9,3.0,3.0,0.0,1.0,7.0,13.0,7.0,11.0,7.0,5.0,9.0,9.0,5.0,2.0,0.0,-0.9,3.69,5.0,-0.09,-0.08,4.0,-0.295,-0.109,0.0,-0.5,16.0,7.0,6.0,21.0,1.0,2.0,0.93,15.5,2.2,7.0,-2.58,-7.88,-2.8,4.0,1.0,6.0,2.0,-8.2,30.0,5.0,-6.0,5.0,3.0,4.0
DM,4.0,-4.3,-3.9,-3.2,-2.5,-0.25,3.0,0.0,3.0,4.0,-3.0,160.0,3.0,5.0,6.0,-5.9,3.0,3.0,0.0,1.0,7.0,13.0,7.0,11.0,7.0,5.0,9.0,9.0,5.0,2.0,0.0,-0.9,3.69,5.0,-0.09,-0.08,4.0,-0.295,-0.109,0.0,-0.5,16.0,7.0,6.0,21.0,1.0,2.0,0.93,15.5,2.2,7.0,-2.58,-7.88,-2.8,4.0,1.0,6.0,2.0,-8.2,30.0,5.0,-6.0,5.0,3.0,4.0
MC,6.0,-3.7,-2.5,-1.2,-2.7,0.1,5.0,2.0,3.0,10.0,-0.9,196.0,2.0,2.0,3.0,-4.4,2.0,1.0,0.0,0.0,3.0,17.0,4.0,0.0,17.0,23.0,7.0,3.0,28.0,3.0,0.0,-0.29,1.46,10.0,-0.25,-0.29,5.0,-0.006,0.912,5.0,-1.6,2.0,0.0,1.0,91.0,1.0,2.0,0.97,19.8,4.3,9.0,1.04,3.5,-1.3,2.0,3.0,1.0,1.0,-8.7,8.0,2.0,1.0,1.0,0.0,1.0
CM,6.0,-3.7,-2.5,-1.2,-2.7,0.1,5.0,2.0,3.0,10.0,-0.9,196.0,2.0,2.0,3.0,-4.4,2.0,1.0,0.0,0.0,3.0,17.0,4.0,0.0,17.0,23.0,7.0,3.0,28.0,3.0,0.0,-0.29,1.46,10.0,-0.25,-0.29,5.0,-0.006,0.912,5.0,-1.6,2.0,0.0,1.0,91.0,1.0,2.0,0.97,19.8,4.3,9.0,1.04,3.5,-1.3,2.0,3.0,1.0,1.0,-8.7,8.0,2.0,1.0,1.0,0.0,1.0
MQ,1.0,-3.1,-1.7,-1.0,-1.2,-0.18,1.0,2.0,2.0,8.0,-1.0,101.0,0.0,1.0,1.0,-0.6,2.0,2.0,5.0,1.0,0.0,5.0,0.0,1.0,5.0,4.0,2.0,2.0,3.0,3.0,0.0,-0.97,2.3,9.0,0.22,0.22,1.0,0.211,0.45,2.0,1.2,12.0,2.0,3.0,53.0,1.0,1.0,0.97,17.8,4.2,8.0,-0.13,-1.76,-0.6,2.0,1.0,0.0,0.0,-8.5,1.0,1.0,-1.5,1.0,1.0,2.0
QM,1.0,-3.1,-1.7,-1.0,-1.2,-0.18,1.0,2.0,2.0,8.0,-1.0,101.0,0.0,1.0,1.0,-0.6,2.0,2.0,5.0,1.0,0.0,5.0,0.0,1.0,5.0,4.0,2.0,2.0,3.0,3.0,0.0,-0.97,2.3,9.0,0.22,0.22,1.0,0.211,0.45,2.0,1.2,12.0,2.0,3.0,53.0,1.0,1.0,0.97,17.8,4.2,8.0,-0.13,-1.76,-0.6,2.0,1.0,0.0,0.0,-8.5,1.0,1.0,-1.5,1.0,1.0,2.0
ME,4.0,-4.1,-3.4,-2.2,-1.8,-0.14,2.0,1.0,2.0,4.0,-2.0,126.0,2.0,3.0,4.0,-2.8,3.0,3.0,0.0,1.0,4.0,12.0,5.0,3.0,5.0,5.0,7.0,7.0,3.0,1.0,0.0,-0.87,3.13,8.0,0.36,0.38,2.0,0.128,-0.18,0.0,0.6,17.0,1.0,0.0,27.0,1.0,1.0,0.96,15.2,3.2,6.0,-1.86,-3.94,2.0,2.0,3.0,3.0,1.0,-8.1,21.0,5.0,-6.0,3.0,2.0,3.0
EM,4.0,-4.1,-3.4,-2.2,-1.8,-0.14,2.0,1.0,2.0,4.0,-2.0,126.0,2.0,3.0,4.0,-2.8,3.0,3.0,0.0,1.0,4.0,12.0,5.0,3.0,5.0,5.0,7.0,7.0,3.0,1.0,0.0,-0.87,3.13,8.0,0.36,0.38,2.0,0.128,-0.18,0.0,0.6,17.0,1.0,0.0,27.0,1.0,1.0,0.96,15.2,3.2,6.0,-1.86,-3.94,2.0,2.0,3.0,3.0,1.0,-8.1,21.0,5.0,-6.0,3.0,2.0,3.0
MG,4.0,-3.7,-3.8,-3.5,-2.3,-0.01,3.0,1.0,2.0,8.0,-3.5,127.0,2.0,4.0,5.0,-5.2,3.0,3.0,0.0,1.0,11.0,32.0,5.0,6.0,2.0,4.0,15.0,6.0,2.0,1.0,0.0,-0.61,3.34,4.0,-0.29,-0.3,4.0,0.326,0.0,2.0,-0.4,10.0,3.0,5.0,85.0,0.0,3.0,1.18,15.0,1.7,7.0,-1.86,-5.29,-3.8,3.0,1.0,3.0,0.0,-8.2,30.0,1.0,-1.5,5.0,3.0,4.0
GM,4.0,-3.7,-3.8,-3.5,-2.3,-0.01,3.0,1.0,2.0,8.0,-3.5,127.0,2.0,4.0,5.0,-5.2,3.0,3.0,0.0,1.0,11.0,32.0,5.0,6.0,2.0,4.0,15.0,6.0,2.0,1.0,0.0,-0.61,3.34,4.0,-0.29,-0.3,4.0,0.326,0.0,2.0,-0.4,10.0,3.0,5.0,85.0,0.0,3.0,1.18,15.0,1.7,7.0,-1.86,-5.29,-3.8,3.0,1.0,3.0,0.0,-8.2,30.0,1.0,-1.5,5.0,3.0,4.0
MH,4.0,-3.4,-2.4,-1.5,-1.8,-0.19,2.0,1.0,3.0,9.0,-1.3,87.0,0.0,2.0,4.0,-2.3,2.0,3.0,0.0,1.0,3.0,5.0,5.0,8.0,11.0,3.0,4.0,7.0,3.0,3.0,0.0,-0.86,2.19,10.0,-0.08,-0.06,2.0,0.461,0.441,3.0,-1.2,8.0,1.0,2.0,60.0,0.0,2.0,0.96,11.4,3.9,5.0,-1.04,-3.66,-0.8,1.0,3.0,1.0,3.0,-9.7,19.0,4.0,-4.0,3.0,2.0,2.0
HM,4.0,-3.4,-2.4,-1.5,-1.8,-0.19,2.0,1.0,3.0,9.0,-1.3,87.0,0.0,2.0,4.0,-2.3,2.0,3.0,0.0,1.0,3.0,5.0,5.0,8.0,11.0,3.0,4.0,7.0,3.0,3.0,0.0,-0.86,2.19,10.0,-0.08,-0.06,2.0,0.461,0.441,3.0,-1.2,8.0,1.0,2.0,60.0,0.0,2.0,0.96,11.4,3.9,5.0,-1.04,-3.66,-0.8,1.0,3.0,1.0,3.0,-9.7,19.0,4.0,-4.0,3.0,2.0,2.0
MI,1.0,4.0,3.1,2.6,3.3,0.36,2.0,4.0,1.0,9.0,2.5,10.0,2.0,2.0,2.0,2.6,3.0,1.0,0.0,0.0,20.0,18.0,17.0,3.0,10.0,3.0,22.0,12.0,8.0,5.0,3.0,0.67,0.29,9.0,0.15,0.18,1.0,0.44,0.842,5.0,0.9,18.0,2.0,3.0,98.0,2.0,1.0,1.16,20.9,7.7,10.0,0.99,2.94,2.2,3.0,1.0,5.0,4.0,-7.4,12.0,3.0,4.0,2.0,2.0,1.0
IM,1.0,4.0,3.1,2.6,3.3,0.36,2.0,4.0,1.0,9.0,2.5,10.0,2.0,2.0,2.0,2.6,3.0,1.0,0.0,0.0,20.0,18.0,17.0,3.0,10.0,3.0,22.0,12.0,8.0,5.0,3.0,0.67,0.29,9.0,0.15,0.18,1.0,0.44,0.842,5.0,0.9,18.0,2.0,3.0,98.0,2.0,1.0,1.16,20.9,7.7,10.0,0.99,2.94,2.2,3.0,1.0,5.0,4.0,-7.4,12.0,3.0,4.0,2.0,2.0,1.0
ML,3.0,2.9,3.2,2.9,1.5,0.38,4.0,5.0,1.0,9.0,2.8,15.0,2.0,3.0,3.0,4.4,3.0,1.0,6.6,2.0,24.0,13.0,13.0,2.0,12.0,2.0,24.0,8.0,8.0,6.0,3.0,0.5,0.41,11.0,0.41,0.47,3.0,0.112,0.881,6.0,1.8,24.0,5.0,6.0,96.0,2.0,0.0,1.06,22.4,8.0,11.0,1.61,4.32,3.1,5.0,8.0,6.0,6.0,-7.0,24.0,2.0,4.0,4.0,3.0,2.0
LM,3.0,2.9,3.2,2.9,1.5,0.38,4.0,5.0,1.0,9.0,2.8,15.0,2.0,3.0,3.0,4.4,3.0,1.0,6.6,2.0,24.0,13.0,13.0,2.0,12.0,2.0,24.0,8.0,8.0,6.0,3.0,0.5,0.41,11.0,0.41,0.47,3.0,0.112,0.881,6.0,1.8,24.0,5.0,6.0,96.0,2.0,0.0,1.06,22.4,8.0,11.0,1.61,4.32,3.1,5.0,8.0,6.0,6.0,-7.0,24.0,2.0,4.0,4.0,3.0,2.0
MK,0.0,-2.9,-2.0,-1.5,1.6,-0.16,0.0,2.0,1.0,3.0,-1.4,95.0,1.0,2.0,3.0,-1.9,2.0,1.0,5.0,1.0,8.0,11.0,7.0,3.0,5.0,6.0,10.0,8.0,4.0,1.0,0.0,-1.03,2.63,8.0,0.05,0.09,1.0,0.285,-0.044,0.0,0.4,19.0,4.0,5.0,24.0,0.0,1.0,1.03,15.4,3.8,4.0,-1.62,-5.47,-0.5,4.0,1.0,1.0,0.0,-8.2,12.0,6.0,-5.5,2.0,1.0,2.0
KM,0.0,-2.9,-2.0,-1.5,1.6,-0.16,0.0,2.0,1.0,3.0,-1.4,95.0,1.0,2.0,3.0,-1.9,2.0,1.0,5.0,1.0,8.0,11.0,7.0,3.0,5.0,6.0,10.0,8.0,4.0,1.0,0.0,-1.03,2.63,8.0,0.05,0.09,1.0,0.285,-0.044,0.0,0.4,19.0,4.0,5.0,24.0,0.0,1.0,1.03,15.4,3.8,4.0,-1.62,-5.47,-0.5,4.0,1.0,1.0,0.0,-8.2,12.0,6.0,-5.5,2.0,1.0,2.0
MM,8.0,4.8,4.9,4.5,5.4,1.0,6.0,6.0,0.0,10.0,4.3,0.0,6.0,8.0,9.0,11.2,6.0,3.0,10.0,2.0,40.0,61.0,44.0,17.0,7.0,35.0,52.0,40.0,25.0,8.0,6.0,0.97,0.0,16.0,1.0,1.0,8.0,1.0,1.0,8.0,2.2,100.0,2.0,4.0,100.0,4.0,1.0,1.05,25.9,9.5,13.0,3.75,10.21,5.4,4.0,9.0,3.0,5.0,-6.7,51.0,6.0,7.0,8.0,4.0,7.0
FA,4.0,-3.2,-3.1,-2.6,-2.4,-0.25,4.0,2.0,2.0,7.0,-2.3,113.0,2.0,3.0,4.0,-3.2,3.0,2.0,0.0,1.0,13.0,24.0,20.0,18.0,4.0,12.0,16.0,23.0,9.0,1.0,0.0,-0.47,3.23,10.0,-0.18,-0.19,3.0,0.628,0.874,5.0,0.6,8.0,4.0,2.0,87.0,0.0,2.0,1.16,11.9,2.9,1.0,-0.76,-2.42,-1.6,1.0,1.0,0.0,0.0,-7.9,19.0,1.0,0.0,3.0,2.0,2.0
AF,4.0,-3.2,-3.1,-2.6,-2.4,-0.25,4.0,2.0,2.0,7.0,-2.3,113.0,2.0,3.0,4.0,-3.2,3.0,2.0,0.0,1.0,13.0,24.0,20.0,18.0,4.0,12.0,16.0,23.0,9.0,1.0,0.0,-0.47,3.23,10.0,-0.18,-0.19,3.0,0.628,0.874,5.0,0.6,8.0,4.0,2.0,87.0,0.0,2.0,1.16,11.9,2.9,1.0,-0.76,-2.42,-1.6,1.0,1.0,0.0,0.0,-7.9,19.0,1.0,0.0,3.0,2.0,2.0
FR,4.0,-4.9,-4.3,-3.5,-1.5,-0.31,4.0,1.0,2.0,1.0,-3.2,97.0,2.0,4.0,5.0,-6.0,4.0,4.0,9.0,1.0,14.0,11.0,18.0,14.0,9.0,10.0,15.0,22.0,11.0,1.0,0.0,-0.79,2.47,5.0,0.15,0.2,4.0,0.552,0.108,0.0,0.4,11.0,8.0,8.0,0.0,2.0,1.0,1.26,10.1,2.0,6.0,-1.4,-4.36,-3.2,5.0,5.0,3.0,1.0,-8.1,30.0,7.0,-5.5,5.0,3.0,3.0
RF,4.0,-4.9,-4.3,-3.5,-1.5,-0.31,4.0,1.0,2.0,1.0,-3.2,97.0,2.0,4.0,5.0,-6.0,4.0,4.0,9.0,1.0,14.0,11.0,18.0,14.0,9.0,10.0,15.0,22.0,11.0,1.0,0.0,-0.79,2.47,5.0,0.15,0.2,4.0,0.552,0.108,0.0,0.4,11.0,8.0,8.0,0.0,2.0,1.0,1.26,10.1,2.0,6.0,-1.4,-4.36,-3.2,5.0,5.0,3.0,1.0,-8.1,30.0,7.0,-5.5,5.0,3.0,3.0
FN,4.0,-3.5,-3.5,-3.2,-1.3,-0.33,4.0,1.0,2.0,6.0,-3.1,158.0,2.0,4.0,6.0,-3.8,3.0,4.0,0.0,1.0,11.0,19.0,18.0,15.0,8.0,6.0,14.0,22.0,9.0,0.0,0.0,-0.71,3.7,6.0,-0.13,-0.12,3.0,0.278,-0.072,1.0,0.4,23.0,9.0,9.0,47.0,1.0,2.0,1.11,11.4,2.1,3.0,-2.25,-6.22,-2.5,6.0,1.0,1.0,1.0,-8.2,29.0,1.0,-2.0,5.0,3.0,4.0
NF,4.0,-3.5,-3.5,-3.2,-1.3,-0.33,4.0,1.0,2.0,6.0,-3.1,158.0,2.0,4.0,6.0,-3.8,3.0,4.0,0.0,1.0,11.0,19.0,18.0,15.0,8.0,6.0,14.0,22.0,9.0,0.0,0.0,-0.71,3.7,6.0,-0.13,-0.12,3.0,0.278,-0.072,1.0,0.4,23.0,9.0,9.0,47.0,1.0,2.0,1.11,11.4,2.1,3.0,-2.25,-6.22,-2.5,6.0,1.0,1.0,1.0,-8.2,29.0,1.0,-2.0,5.0,3.0,4.0
FD,7.0,-5.7,-5.4,-4.7,-1.7,-0.4,6.0,1.0,2.0,2.0,-4.5,177.0,4.0,5.0,6.0,-7.0,5.0,6.0,0.0,1.0,15.0,25.0,18.0,26.0,17.0,24.0,20.0,24.0,21.0,1.0,0.0,-0.62,4.27,4.0,-0.31,-0.35,5.0,0.475,-0.107,0.0,-0.3,31.0,10.0,9.0,19.0,4.0,1.0,1.17,9.04,0.7,6.0,-2.19,-5.06,-3.7,6.0,3.0,6.0,4.0,-9.5,33.0,5.0,-5.5,7.0,5.0,5.0
DF,7.0,-5.7,-5.4,-4.7,-1.7,-0.4,6.0,1.0,2.0,2.0,-4.5,177.0,4.0,5.0,6.0,-7.0,5.0,6.0,0.0,1.0,15.0,25.0,18.0,26.0,17.0,24.0,20.0,24.0,21.0,1.0,0.0,-0.62,4.27,4.0,-0.31,-0.35,5.0,0.475,-0.107,0.0,-0.3,31.0,10.0,9.0,19.0,4.0,1.0,1.17,9.04,0.7,6.0,-2.19,-5.06,-3.7,6.0,3.0,6.0,4.0,-9.5,33.0,5.0,-5.5,7.0,5.0,5.0
FC,6.0,-0.1,-0.1,-0.7,1.8,0.3,4.0,3.0,1.0,8.0,-0.8,205.0,2.0,4.0,4.0,-4.4,0.0,1.0,5.0,1.0,12.0,36.0,4.0,12.0,12.0,40.0,19.0,4.0,31.0,0.0,0.0,0.39,2.24,10.0,-0.05,-0.07,2.0,0.55,0.857,6.0,-1.6,11.0,2.0,3.0,89.0,0.0,2.0,1.04,13.5,4.4,12.0,1.13,1.72,-0.8,3.0,1.0,3.0,3.0,-8.9,18.0,0.0,2.5,4.0,2.0,2.0
CF,6.0,-0.1,-0.1,-0.7,1.8,0.3,4.0,3.0,1.0,8.0,-0.8,205.0,2.0,4.0,4.0,-4.4,0.0,1.0,5.0,1.0,12.0,36.0,4.0,12.0,12.0,40.0,19.0,4.0,31.0,0.0,0.0,0.39,2.24,10.0,-0.05,-0.07,2.0,0.55,0.857,6.0,-1.6,11.0,2.0,3.0,89.0,0.0,2.0,1.04,13.5,4.4,12.0,1.13,1.72,-0.8,3.0,1.0,3.0,3.0,-8.9,18.0,0.0,2.5,4.0,2.0,2.0
FQ,6.0,-4.4,-3.6,-2.8,-2.1,-0.44,5.0,1.0,2.0,6.0,-2.6,116.0,4.0,5.0,5.0,-6.4,4.0,4.0,6.6,1.0,15.0,20.0,13.0,14.0,9.0,16.0,18.0,19.0,12.0,0.0,0.0,-0.85,2.81,7.0,-0.25,-0.26,4.0,0.364,0.482,3.0,0.7,22.0,10.0,10.0,51.0,0.0,3.0,1.07,11.5,2.6,4.0,-2.31,-5.54,-1.7,5.0,6.0,2.0,3.0,-8.6,29.0,2.0,-2.0,4.0,2.0,3.0
QF,6.0,-4.4,-3.6,-2.8,-2.1,-0.44,5.0,1.0,2.0,6.0,-2.6,116.0,4.0,5.0,5.0,-6.4,4.0,4.0,6.6,1.0,15.0,20.0,13.0,14.0,9.0,16.0,18.0,19.0,12.0,0.0,0.0,-0.85,2.81,7.0,-0.25,-0.26,4.0,0.364,0.482,3.0,0.7,22.0,10.0,10.0,51.0,0.0,3.0,1.07,11.5,2.6,4.0,-2.31,-5.54,-1.7,5.0,6.0,2.0,3.0,-8.6,29.0,2.0,-2.0,4.0,2.0,3.0
FE,6.0,-6.7,-5.7,-4.3,-2.9,-0.5,5.0,0.0,3.0,2.0,-3.9,140.0,3.0,5.0,6.0,-6.4,5.0,6.0,0.0,1.0,18.0,30.0,24.0,21.0,12.0,7.0,22.0,28.0,13.0,0.0,0.0,-0.81,3.59,6.0,-0.24,-0.27,4.0,0.433,-0.187,0.0,0.6,40.0,7.0,7.0,26.0,4.0,1.0,1.17,9.24,1.3,10.0,-1.61,-4.44,-13.7,6.0,4.0,5.0,5.0,-8.2,32.0,5.0,-5.5,6.0,4.0,4.0
EF,6.0,-6.7,-5.7,-4.3,-2.9,-0.5,5.0,0.0,3.0,2.0,-3.9,140.0,3.0,5.0,6.0,-6.4,5.0,6.0,0.0,1.0,18.0,30.0,24.0,21.0,12.0,7.0,22.0,28.0,13.0,0.0,0.0,-0.81,3.59,6.0,-0.24,-0.27,4.0,0.433,-0.187,0.0,0.6,40.0,7.0,7.0,26.0,4.0,1.0,1.17,9.24,1.3,10.0,-1.61,-4.44,-13.7,6.0,4.0,5.0,5.0,-8.2,32.0,5.0,-5.5,6.0,4.0,4.0
FG,5.0,-5.7,-5.8,-5.4,-1.9,-0.09,5.0,1.0,2.0,6.0,-5.2,153.0,3.0,5.0,6.0,-8.6,5.0,4.0,0.0,1.0,24.0,52.0,21.0,25.0,10.0,17.0,30.0,26.0,15.0,0.0,0.0,-0.52,4.14,7.0,-0.05,-0.05,6.0,0.455,0.0,0.0,-0.4,12.0,4.0,3.0,83.0,2.0,1.0,1.3,9.84,0.0,8.0,-2.67,-7.46,-4.7,3.0,1.0,6.0,3.0,-8.1,32.0,2.0,-1.0,6.0,4.0,5.0
GF,5.0,-5.7,-5.8,-5.4,-1.9,-0.09,5.0,1.0,2.0,6.0,-5.2,153.0,3.0,5.0,6.0,-8.6,5.0,4.0,0.0,1.0,24.0,52.0,21.0,25.0,10.0,17.0,30.0,26.0,15.0,0.0,0.0,-0.52,4.14,7.0,-0.05,-0.05,6.0,0.455,0.0,0.0,-0.4,12.0,4.0,3.0,83.0,2.0,1.0,1.3,9.84,0.0,8.0,-2.67,-7.46,-4.7,3.0,1.0,6.0,3.0,-8.1,32.0,2.0,-1.0,6.0,4.0,5.0
FH,2.0,0.1,0.3,0.0,-1.1,-0.06,2.0,2.0,2.0,7.0,-0.1,100.0,2.0,2.0,2.0,-1.7,0.0,3.0,5.0,1.0,6.0,10.0,9.0,7.0,3.0,6.0,9.0,13.0,3.0,4.0,2.0,-0.43,2.63,9.0,0.17,0.2,2.0,0.405,0.511,4.0,-1.1,10.0,1.0,1.0,58.0,0.0,1.0,1.05,10.7,5.1,1.0,-0.22,0.25,-0.9,2.0,0.0,0.0,0.0,-8.2,8.0,2.0,-1.0,0.0,0.0,1.0
HF,2.0,0.1,0.3,0.0,-1.1,-0.06,2.0,2.0,2.0,7.0,-0.1,100.0,2.0,2.0,2.0,-1.7,0.0,3.0,5.0,1.0,6.0,10.0,9.0,7.0,3.0,6.0,9.0,13.0,3.0,4.0,2.0,-0.43,2.63,9.0,0.17,0.2,2.0,0.405,0.511,4.0,-1.1,10.0,1.0,1.0,58.0,0.0,1.0,1.05,10.7,5.1,1.0,-0.22,0.25,-0.9,2.0,0.0,0.0,0.0,-8.2,8.0,2.0,-1.0,0.0,0.0,1.0
FI,0.0,0.0,0.5,0.9,1.3,0.6,1.0,4.0,1.0,9.0,1.0,21.0,0.0,0.0,1.0,0.5,0.0,1.0,0.0,1.0,7.0,4.0,10.0,4.0,7.0,10.0,5.0,3.0,3.0,3.0,1.0,0.45,0.61,12.0,0.27,0.32,1.0,0.532,0.893,5.0,1.0,32.0,6.0,7.0,96.0,0.0,0.0,1.54,18.4,6.2,3.0,0.76,2.3,2.2,6.0,5.0,4.0,4.0,-7.2,8.0,0.0,1.5,0.0,1.0,0.0
IF,0.0,0.0,0.5,0.9,1.3,0.6,1.0,4.0,1.0,9.0,1.0,21.0,0.0,0.0,1.0,0.5,0.0,1.0,0.0,1.0,7.0,4.0,10.0,4.0,7.0,10.0,5.0,3.0,3.0,3.0,1.0,0.45,0.61,12.0,0.27,0.32,1.0,0.532,0.893,5.0,1.0,32.0,6.0,7.0,96.0,0.0,0.0,1.54,18.4,6.2,3.0,0.76,2.3,2.2,6.0,5.0,4.0,4.0,-7.2,8.0,0.0,1.5,0.0,1.0,0.0
FL,0.0,2.4,2.2,2.1,2.2,0.44,2.0,4.0,1.0,9.0,2.0,22.0,1.0,1.0,0.0,1.8,2.0,1.0,5.0,0.0,11.0,2.0,12.0,4.0,6.0,4.0,10.0,4.0,1.0,5.0,2.0,0.48,0.63,11.0,-0.08,-0.08,2.0,0.769,0.927,6.0,1.0,36.0,5.0,6.0,94.0,1.0,1.0,1.27,20.6,7.2,3.0,1.23,3.9,3.7,6.0,3.0,4.0,4.0,-6.6,17.0,1.0,2.5,2.0,2.0,1.0
LF,0.0,2.4,2.2,2.1,2.2,0.44,2.0,4.0,1.0,9.0,2.0,22.0,1.0,1.0,0.0,1.8,2.0,1.0,5.0,0.0,11.0,2.0,12.0,4.0,6.0,4.0,10.0,4.0,1.0,5.0,2.0,0.48,0.63,11.0,-0.08,-0.08,2.0,0.769,0.927,6.0,1.0,36.0,5.0,6.0,94.0,1.0,1.0,1.27,20.6,7.2,3.0,1.23,3.9,3.7,6.0,3.0,4.0,4.0,-6.6,17.0,1.0,2.5,2.0,2.0,1.0
FK,6.0,-6.3,-5.1,-3.6,-2.8,-0.41,5.0,0.0,3.0,1.0,-3.3,102.0,3.0,5.0,5.0,-5.6,5.0,5.0,5.0,1.0,26.0,30.0,30.0,23.0,11.0,14.0,29.0,34.0,14.0,0.0,0.0,-1.03,2.85,6.0,-0.16,-0.18,3.0,0.217,0.061,1.0,0.1,26.0,11.0,10.0,22.0,2.0,1.0,1.11,9.68,1.9,8.0,-2.41,-6.19,-2.8,7.0,0.0,4.0,1.0,-8.8,29.0,7.0,-5.5,5.0,3.0,4.0
KF,6.0,-6.3,-5.1,-3.6,-2.8,-0.41,5.0,0.0,3.0,1.0,-3.3,102.0,3.0,5.0,5.0,-5.6,5.0,5.0,5.0,1.0,26.0,30.0,30.0,23.0,11.0,14.0,29.0,34.0,14.0,0.0,0.0,-1.03,2.85,6.0,-0.16,-0.18,3.0,0.217,0.061,1.0,0.1,26.0,11.0,10.0,22.0,2.0,1.0,1.11,9.68,1.9,8.0,-2.41,-6.19,-2.8,7.0,0.0,4.0,1.0,-8.8,29.0,7.0,-5.5,5.0,3.0,4.0
FM,1.0,-0.1,0.7,1.3,0.5,0.22,0.0,2.0,2.0,8.0,1.6,28.0,0.0,0.0,0.0,-0.6,0.0,0.0,6.6,0.0,13.0,2.0,13.0,1.0,2.0,2.0,11.0,8.0,1.0,5.0,2.0,0.35,0.82,10.0,-0.02,-0.01,0.0,0.111,0.903,5.0,-0.2,20.0,2.0,3.0,98.0,2.0,2.0,1.21,20.2,6.8,0.0,0.8,2.66,1.7,3.0,0.0,4.0,0.0,-8.5,2.0,0.0,2.5,1.0,1.0,1.0
MF,1.0,-0.1,0.7,1.3,0.5,0.22,0.0,2.0,2.0,8.0,1.6,28.0,0.0,0.0,0.0,-0.6,0.0,0.0,6.6,0.0,13.0,2.0,13.0,1.0,2.0,2.0,11.0,8.0,1.0,5.0,2.0,0.35,0.82,10.0,-0.02,-0.01,0.0,0.111,0.903,5.0,-0.2,20.0,2.0,3.0,98.0,2.0,2.0,1.21,20.2,6.8,0.0,0.8,2.66,1.7,3.0,0.0,4.0,0.0,-8.5,2.0,0.0,2.5,1.0,1.0,1.0
FF,8.0,8.3,7.7,7.2,4.5,1.0,9.0,6.0,0.0,10.0,7.0,0.0,8.0,9.0,10.0,10.4,8.0,5.0,10.0,2.0,85.0,67.0,99.0,58.0,47.0,58.0,83.0,88.0,57.0,9.0,6.0,0.61,0.0,16.0,1.0,1.0,7.0,1.0,1.0,8.0,2.2,100.0,8.0,8.0,100.0,4.0,2.0,1.33,27.1,12.2,16.0,3.28,9.14,7.0,6.0,3.0,5.0,0.0,-5.7,57.0,6.0,8.0,9.0,7.0,7.0
PA,1.0,1.1,0.8,0.4,0.8,-0.07,1.0,5.0,1.0,9.0,0.3,27.0,1.0,1.0,1.0,-1.0,1.0,0.0,0.0,1.0,1.0,5.0,2.0,5.0,6.0,4.0,0.0,1.0,5.0,4.0,1.0,0.17,0.06,6.0,0.1,0.11,1.0,0.183,0.656,3.0,-0.2,2.0,2.0,1.0,89.0,0.0,1.0,0.77,17.7,5.5,1.0,-0.53,-1.11,0.7,0.0,2.0,0.0,0.0,-6.8,5.0,3.0,-4.0,0.0,0.0,1.0
AP,1.0,1.1,0.8,0.4,0.8,-0.07,1.0,5.0,1.0,9.0,0.3,27.0,1.0,1.0,1.0,-1.0,1.0,0.0,0.0,1.0,1.0,5.0,2.0,5.0,6.0,4.0,0.0,1.0,5.0,4.0,1.0,0.17,0.06,6.0,0.1,0.11,1.0,0.183,0.656,3.0,-0.2,2.0,2.0,1.0,89.0,0.0,1.0,0.77,17.7,5.5,1.0,-0.53,-1.11,0.7,0.0,2.0,0.0,0.0,-6.8,5.0,3.0,-4.0,0.0,0.0,1.0
PR,1.0,-1.3,-1.2,-1.0,0.3,-0.17,0.0,3.0,1.0,3.0,-0.9,103.0,2.0,3.0,3.0,-3.6,1.0,3.0,0.0,0.0,9.0,12.0,2.0,2.0,1.0,20.0,8.0,2.0,6.0,3.0,0.0,0.14,2.9,6.0,-0.18,-0.21,2.0,-0.037,0.133,1.0,-0.3,4.0,2.0,1.0,24.0,0.0,2.0,1.03,15.7,4.3,3.0,0.21,1.31,-0.6,1.0,1.0,1.0,0.0,-7.9,18.0,7.0,-8.0,2.0,1.0,2.0
RP,1.0,-1.3,-1.2,-1.0,0.3,-0.17,0.0,3.0,1.0,3.0,-0.9,103.0,2.0,3.0,3.0,-3.6,1.0,3.0,0.0,0.0,9.0,12.0,2.0,2.0,1.0,20.0,8.0,2.0,6.0,3.0,0.0,0.14,2.9,6.0,-0.18,-0.21,2.0,-0.037,0.133,1.0,-0.3,4.0,2.0,1.0,24.0,0.0,2.0,1.03,15.7,4.3,3.0,0.21,1.31,-0.6,1.0,1.0,1.0,0.0,-7.9,18.0,7.0,-8.0,2.0,1.0,2.0
PN,2.0,-1.1,-1.1,-1.0,-1.6,0.05,1.0,2.0,2.0,8.0,-0.9,91.0,2.0,3.0,4.0,-2.4,1.0,2.0,0.0,0.0,8.0,11.0,2.0,2.0,5.0,13.0,7.0,3.0,2.0,1.0,0.0,-0.12,1.8,9.0,-0.1,-0.1,2.0,0.156,0.265,3.0,-1.0,8.0,11.0,8.0,71.0,0.0,2.0,0.91,14.6,4.3,1.0,-1.1,-3.23,-0.1,6.0,0.0,2.0,1.0,-8.0,17.0,4.0,-6.0,2.0,1.0,2.0
NP,2.0,-1.1,-1.1,-1.0,-1.6,0.05,1.0,2.0,2.0,8.0,-0.9,91.0,2.0,3.0,4.0,-2.4,1.0,2.0,0.0,0.0,8.0,11.0,2.0,2.0,5.0,13.0,7.0,3.0,2.0,1.0,0.0,-0.12,1.8,9.0,-0.1,-0.1,2.0,0.156,0.265,3.0,-1.0,8.0,11.0,8.0,71.0,0.0,2.0,0.91,14.6,4.3,1.0,-1.1,-3.23,-0.1,6.0,0.0,2.0,1.0,-8.0,17.0,4.0,-6.0,2.0,1.0,2.0
PD,2.0,-2.8,-1.8,-1.0,-2.2,0.09,1.0,2.0,2.0,4.0,-0.7,108.0,1.0,2.0,3.0,-1.0,2.0,2.0,0.0,0.0,9.0,7.0,1.0,5.0,2.0,26.0,8.0,5.0,7.0,3.0,0.0,-0.15,2.4,8.0,0.02,0.01,1.0,0.008,0.276,1.0,-1.2,1.0,11.0,7.0,44.0,1.0,0.0,0.75,19.4,4.5,2.0,0.72,0.81,-0.2,6.0,3.0,1.0,3.0,-7.3,7.0,5.0,-7.0,1.0,0.0,1.0
DP,2.0,-2.8,-1.8,-1.0,-2.2,0.09,1.0,2.0,2.0,4.0,-0.7,108.0,1.0,2.0,3.0,-1.0,2.0,2.0,0.0,0.0,9.0,7.0,1.0,5.0,2.0,26.0,8.0,5.0,7.0,3.0,0.0,-0.15,2.4,8.0,0.02,0.01,1.0,0.008,0.276,1.0,-1.2,1.0,11.0,7.0,44.0,1.0,0.0,0.75,19.4,4.5,2.0,0.72,0.81,-0.2,6.0,3.0,1.0,3.0,-7.3,7.0,5.0,-7.0,1.0,0.0,1.0
PC,3.0,-2.7,-3.1,-3.1,-1.9,0.02,3.0,2.0,2.0,9.0,-3.1,169.0,4.0,4.0,6.0,-8.9,2.0,4.0,0.0,0.0,28.0,30.0,1.0,2.0,22.0,8.0,30.0,2.0,12.0,0.0,0.0,-0.65,1.33,7.0,0.13,0.14,8.0,0.355,0.558,4.0,-1.8,3.0,0.0,2.0,86.0,1.0,2.0,0.67,5.43,2.1,18.0,-2.19,-6.7,-3.6,1.0,1.0,1.0,0.0,-8.3,30.0,8.0,-9.0,3.0,2.0,3.0
CP,3.0,-2.7,-3.1,-3.1,-1.9,0.02,3.0,2.0,2.0,9.0,-3.1,169.0,4.0,4.0,6.0,-8.9,2.0,4.0,0.0,0.0,28.0,30.0,1.0,2.0,22.0,8.0,30.0,2.0,12.0,0.0,0.0,-0.65,1.33,7.0,0.13,0.14,8.0,0.355,0.558,4.0,-1.8,3.0,0.0,2.0,86.0,1.0,2.0,0.67,5.43,2.1,18.0,-2.19,-6.7,-3.6,1.0,1.0,1.0,0.0,-8.3,30.0,8.0,-9.0,3.0,2.0,3.0
PQ,0.0,0.1,-0.1,-0.2,1.0,-0.03,0.0,3.0,1.0,8.0,-0.2,76.0,1.0,2.0,3.0,-3.6,0.0,0.0,0.0,0.0,6.0,7.0,1.0,2.0,1.0,17.0,6.0,5.0,2.0,3.0,0.0,0.15,1.92,7.0,-0.18,-0.18,2.0,-0.168,0.598,2.0,-0.6,0.0,1.0,0.0,76.0,0.0,1.0,0.83,18.0,5.0,4.0,0.24,1.3,1.0,1.0,1.0,0.0,0.0,-8.1,11.0,3.0,-6.0,1.0,0.0,1.0
QP,0.0,0.1,-0.1,-0.2,1.0,-0.03,0.0,3.0,1.0,8.0,-0.2,76.0,1.0,2.0,3.0,-3.6,0.0,0.0,0.0,0.0,6.0,7.0,1.0,2.0,1.0,17.0,6.0,5.0,2.0,3.0,0.0,0.15,1.92,7.0,-0.18,-0.18,2.0,-0.168,0.598,2.0,-0.6,0.0,1.0,0.0,76.0,0.0,1.0,0.83,18.0,5.0,4.0,0.24,1.3,1.0,1.0,1.0,0.0,0.0,-8.1,11.0,3.0,-6.0,1.0,0.0,1.0
PE,1.0,-2.6,-1.7,-0.7,-2.1,-0.11,1.0,3.0,2.0,4.0,-0.5,93.0,0.0,2.0,2.0,-1.5,2.0,3.0,0.0,1.0,3.0,7.0,1.0,4.0,10.0,19.0,3.0,6.0,13.0,4.0,0.0,-0.13,2.48,5.0,-0.08,0.07,1.0,-0.216,0.097,0.0,-0.1,7.0,5.0,0.0,50.0,1.0,0.0,0.75,19.1,4.7,1.0,-0.26,-0.43,0.0,0.0,1.0,2.0,1.0,-7.8,7.0,5.0,-7.0,1.0,0.0,1.0
EP,1.0,-2.6,-1.7,-0.7,-2.1,-0.11,1.0,3.0,2.0,4.0,-0.5,93.0,0.0,2.0,2.0,-1.5,2.0,3.0,0.0,1.0,3.0,7.0,1.0,4.0,10.0,19.0,3.0,6.0,13.0,4.0,0.0,-0.13,2.48,5.0,-0.08,0.07,1.0,-0.216,0.097,0.0,-0.1,7.0,5.0,0.0,50.0,1.0,0.0,0.75,19.1,4.7,1.0,-0.26,-0.43,0.0,0.0,1.0,2.0,1.0,-7.8,7.0,5.0,-7.0,1.0,0.0,1.0
PG,2.0,-1.7,-1.8,-1.7,-1.8,0.25,1.0,3.0,2.0,8.0,-1.6,42.0,2.0,3.0,5.0,-2.5,1.0,2.0,0.0,0.0,19.0,11.0,0.0,6.0,10.0,14.0,17.0,3.0,13.0,3.0,0.0,-0.14,0.97,11.0,0.1,0.09,2.0,-0.023,0.0,0.0,-1.2,4.0,13.0,10.0,93.0,0.0,2.0,0.75,17.0,3.6,0.0,-0.04,-1.79,-0.8,6.0,0.0,0.0,1.0,-7.2,18.0,3.0,-4.5,3.0,1.0,2.0
GP,2.0,-1.7,-1.8,-1.7,-1.8,0.25,1.0,3.0,2.0,8.0,-1.6,42.0,2.0,3.0,5.0,-2.5,1.0,2.0,0.0,0.0,19.0,11.0,0.0,6.0,10.0,14.0,17.0,3.0,13.0,3.0,0.0,-0.14,0.97,11.0,0.1,0.09,2.0,-0.023,0.0,0.0,-1.2,4.0,13.0,10.0,93.0,0.0,2.0,0.75,17.0,3.6,0.0,-0.04,-1.79,-0.8,6.0,0.0,0.0,1.0,-7.2,18.0,3.0,-4.5,3.0,1.0,2.0
PH,1.0,-0.4,-0.4,-1.0,0.7,0.05,0.0,3.0,1.0,9.0,-1.1,77.0,2.0,3.0,4.0,-4.3,0.0,4.0,0.0,0.0,12.0,23.0,7.0,14.0,9.0,15.0,12.0,4.0,10.0,3.0,0.0,0.14,2.15,5.0,-0.32,-0.34,3.0,0.304,0.651,4.0,-1.6,2.0,4.0,3.0,83.0,0.0,2.0,0.83,11.7,4.1,4.0,-1.44,-3.55,-2.1,2.0,2.0,1.0,2.0,-7.5,18.0,6.0,-8.0,2.0,1.0,2.0
HP,1.0,-0.4,-0.4,-1.0,0.7,0.05,0.0,3.0,1.0,9.0,-1.1,77.0,2.0,3.0,4.0,-4.3,0.0,4.0,0.0,0.0,12.0,23.0,7.0,14.0,9.0,15.0,12.0,4.0,10.0,3.0,0.0,0.14,2.15,5.0,-0.32,-0.34,3.0,0.304,0.651,4.0,-1.6,2.0,4.0,3.0,83.0,0.0,2.0,0.83,11.7,4.1,4.0,-1.44,-3.55,-2.1,2.0,2.0,1.0,2.0,-7.5,18.0,6.0,-8.0,2.0,1.0,2.0
PI,3.0,-2.0,-2.3,-2.6,-1.6,-0.19,2.0,2.0,2.0,9.0,-2.6,95.0,2.0,4.0,5.0,-5.7,2.0,3.0,0.0,1.0,11.0,28.0,8.0,1.0,8.0,9.0,15.0,7.0,1.0,1.0,0.0,-0.78,2.62,3.0,-0.53,-0.55,4.0,0.065,0.572,3.0,-0.6,18.0,14.0,9.0,79.0,0.0,3.0,1.3,9.35,2.6,3.0,-2.0,-4.04,-2.4,8.0,2.0,2.0,0.0,-7.2,30.0,4.0,-4.0,4.0,3.0,4.0
IP,3.0,-2.0,-2.3,-2.6,-1.6,-0.19,2.0,2.0,2.0,9.0,-2.6,95.0,2.0,4.0,5.0,-5.7,2.0,3.0,0.0,1.0,11.0,28.0,8.0,1.0,8.0,9.0,15.0,7.0,1.0,1.0,0.0,-0.78,2.62,3.0,-0.53,-0.55,4.0,0.065,0.572,3.0,-0.6,18.0,14.0,9.0,79.0,0.0,3.0,1.3,9.35,2.6,3.0,-2.0,-4.04,-2.4,8.0,2.0,2.0,0.0,-7.2,30.0,4.0,-4.0,4.0,3.0,4.0
PL,3.0,-0.2,-1.3,-2.2,0.0,-0.2,3.0,3.0,1.0,9.0,-2.3,98.0,3.0,4.0,5.0,-2.8,0.0,1.0,0.0,1.0,10.0,36.0,24.0,7.0,3.0,3.0,16.0,21.0,1.0,1.0,1.0,-0.67,2.7,4.0,-0.25,-0.26,3.0,0.079,0.504,2.0,-0.8,16.0,12.0,9.0,81.0,0.0,3.0,1.21,7.28,2.9,1.0,-1.56,-2.88,-1.4,8.0,0.0,5.0,2.0,-6.6,33.0,5.0,-5.0,3.0,2.0,3.0
LP,3.0,-0.2,-1.3,-2.2,0.0,-0.2,3.0,3.0,1.0,9.0,-2.3,98.0,3.0,4.0,5.0,-2.8,0.0,1.0,0.0,1.0,10.0,36.0,24.0,7.0,3.0,3.0,16.0,21.0,1.0,1.0,1.0,-0.67,2.7,4.0,-0.25,-0.26,3.0,0.079,0.504,2.0,-0.8,16.0,12.0,9.0,81.0,0.0,3.0,1.21,7.28,2.9,1.0,-1.56,-2.88,-1.4,8.0,0.0,5.0,2.0,-6.6,33.0,5.0,-5.0,3.0,2.0,3.0
PK,2.0,-2.3,-1.6,-0.8,-1.5,-0.17,1.0,2.0,2.0,3.0,-0.6,103.0,1.0,2.0,2.0,-0.6,2.0,4.0,0.0,0.0,9.0,5.0,8.0,3.0,12.0,16.0,8.0,1.0,14.0,3.0,0.0,-0.14,2.94,6.0,0.04,0.04,1.0,0.099,0.206,1.0,-0.7,2.0,5.0,1.0,46.0,0.0,1.0,0.92,16.8,4.6,1.0,-0.19,-1.21,0.2,3.0,4.0,0.0,1.0,-7.5,10.0,4.0,-4.5,1.0,0.0,1.0
KP,2.0,-2.3,-1.6,-0.8,-1.5,-0.17,1.0,2.0,2.0,3.0,-0.6,103.0,1.0,2.0,2.0,-0.6,2.0,4.0,0.0,0.0,9.0,5.0,8.0,3.0,12.0,16.0,8.0,1.0,14.0,3.0,0.0,-0.14,2.94,6.0,0.04,0.04,1.0,0.099,0.206,1.0,-0.7,2.0,5.0,1.0,46.0,0.0,1.0,0.92,16.8,4.6,1.0,-0.19,-1.21,0.2,3.0,4.0,0.0,1.0,-7.5,10.0,4.0,-4.5,1.0,0.0,1.0
PM,3.0,-1.8,-2.0,-2.4,-1.4,-0.17,2.0,2.0,2.0,10.0,-2.4,87.0,2.0,4.0,4.0,-9.8,2.0,3.0,0.0,1.0,11.0,25.0,10.0,1.0,6.0,16.0,15.0,8.0,0.0,1.0,0.0,-0.82,2.36,2.0,-0.31,-0.32,6.0,0.266,0.523,3.0,-1.2,10.0,10.0,9.0,78.0,1.0,3.0,1.34,11.6,2.8,4.0,-1.09,-2.02,-1.9,6.0,17.0,3.0,0.0,-8.8,21.0,5.0,-5.0,4.0,2.0,3.0
MP,3.0,-1.8,-2.0,-2.4,-1.4,-0.17,2.0,2.0,2.0,10.0,-2.4,87.0,2.0,4.0,4.0,-9.8,2.0,3.0,0.0,1.0,11.0,25.0,10.0,1.0,6.0,16.0,15.0,8.0,0.0,1.0,0.0,-0.82,2.36,2.0,-0.31,-0.32,6.0,0.266,0.523,3.0,-1.2,10.0,10.0,9.0,78.0,1.0,3.0,1.34,11.6,2.8,4.0,-1.09,-2.02,-1.9,6.0,17.0,3.0,0.0,-8.8,21.0,5.0,-5.0,4.0,2.0,3.0
PF,5.0,-3.2,-3.4,-3.8,-1.8,-0.12,5.0,2.0,2.0,8.0,-3.8,114.0,3.0,5.0,6.0,-5.0,3.0,4.0,0.0,1.0,24.0,28.0,32.0,8.0,2.0,9.0,26.0,28.0,4.0,1.0,0.0,-0.76,3.17,4.0,-0.28,-0.31,5.0,0.091,0.661,3.0,-1.1,2.0,6.0,5.0,76.0,0.0,4.0,1.07,3.14,1.4,4.0,-0.91,-2.96,-4.1,4.0,4.0,1.0,1.0,-8.8,39.0,5.0,-4.5,5.0,3.0,3.0
FP,5.0,-3.2,-3.4,-3.8,-1.8,-0.12,5.0,2.0,2.0,8.0,-3.8,114.0,3.0,5.0,6.0,-5.0,3.0,4.0,0.0,1.0,24.0,28.0,32.0,8.0,2.0,9.0,26.0,28.0,4.0,1.0,0.0,-0.76,3.17,4.0,-0.28,-0.31,5.0,0.091,0.661,3.0,-1.1,2.0,6.0,5.0,76.0,0.0,4.0,1.07,3.14,1.4,4.0,-0.91,-2.96,-4.1,4.0,4.0,1.0,1.0,-8.8,39.0,5.0,-4.5,5.0,3.0,3.0
PP,6.0,6.5,7.0,7.5,3.8,1.0,6.0,6.0,0.0,10.0,7.6,0.0,9.0,11.0,12.0,10.3,6.0,11.0,10.0,3.0,55.0,83.0,67.0,4.0,56.0,95.0,58.0,59.0,78.0,8.0,5.0,0.56,0.0,16.0,1.0,1.0,7.0,1.0,1.0,8.0,2.2,100.0,51.0,33.0,100.0,4.0,3.0,0.82,32.2,12.8,19.0,5.45,13.32,8.1,19.0,1.0,7.0,0.0,-5.7,74.0,13.0,11.0,9.0,7.0,8.0
SA,1.0,1.4,1.3,1.1,0.1,0.14,1.0,5.0,1.0,9.0,1.1,99.0,1.0,2.0,2.0,0.0,1.0,2.0,0.0,1.0,4.0,9.0,1.0,9.0,5.0,12.0,4.0,3.0,7.0,4.0,1.0,0.16,0.51,10.0,-0.38,-0.4,0.0,0.193,0.281,2.0,2.0,10.0,1.0,0.0,94.0,0.0,1.0,0.8,20.4,6.3,0.0,0.34,1.27,1.7,0.0,0.0,2.0,0.0,-5.6,12.0,2.0,2.0,1.0,1.0,0.0
AS,1.0,1.4,1.3,1.1,0.1,0.14,1.0,5.0,1.0,9.0,1.1,99.0,1.0,2.0,2.0,0.0,1.0,2.0,0.0,1.0,4.0,9.0,1.0,9.0,5.0,12.0,4.0,3.0,7.0,4.0,1.0,0.16,0.51,10.0,-0.38,-0.4,0.0,0.193,0.281,2.0,2.0,10.0,1.0,0.0,94.0,0.0,1.0,0.8,20.4,6.3,0.0,0.34,1.27,1.7,0.0,0.0,2.0,0.0,-5.6,12.0,2.0,2.0,1.0,1.0,0.0
SR,1.0,-0.9,-0.5,-0.2,0.3,-0.16,0.0,3.0,1.0,6.0,-0.2,110.0,1.0,1.0,2.0,-0.6,1.0,1.0,5.0,0.0,1.0,6.0,2.0,4.0,4.0,3.0,2.0,4.0,1.0,4.0,0.0,0.05,2.74,9.0,-0.1,-0.13,0.0,-0.043,0.804,3.0,2.0,10.0,6.0,4.0,19.0,1.0,0.0,0.99,17.5,5.0,2.0,-0.06,-0.5,0.2,2.0,2.0,0.0,0.0,-6.9,11.0,6.0,-6.0,1.0,0.0,1.0
RS,1.0,-0.9,-0.5,-0.2,0.3,-0.16,0.0,3.0,1.0,6.0,-0.2,110.0,1.0,1.0,2.0,-0.6,1.0,1.0,5.0,0.0,1.0,6.0,2.0,4.0,4.0,3.0,2.0,4.0,1.0,4.0,0.0,0.05,2.74,9.0,-0.1,-0.13,0.0,-0.043,0.804,3.0,2.0,10.0,6.0,4.0,19.0,1.0,0.0,0.99,17.5,5.0,2.0,-0.06,-0.5,0.2,2.0,2.0,0.0,0.0,-6.9,11.0,6.0,-6.0,1.0,0.0,1.0
SN,1.0,1.2,1.1,0.9,-0.3,0.14,1.0,5.0,1.0,10.0,0.9,46.0,1.0,1.0,1.0,1.0,1.0,2.0,6.6,0.0,3.0,8.0,4.0,4.0,0.0,13.0,4.0,5.0,6.0,5.0,1.0,-0.02,1.31,11.0,0.04,0.06,0.0,-0.051,0.661,3.0,1.9,1.0,7.0,6.0,66.0,1.0,0.0,0.84,20.9,6.1,3.0,0.4,1.54,1.4,4.0,5.0,3.0,4.0,-6.5,10.0,1.0,0.5,1.0,1.0,0.0
NS,1.0,1.2,1.1,0.9,-0.3,0.14,1.0,5.0,1.0,10.0,0.9,46.0,1.0,1.0,1.0,1.0,1.0,2.0,6.6,0.0,3.0,8.0,4.0,4.0,0.0,13.0,4.0,5.0,6.0,5.0,1.0,-0.02,1.31,11.0,0.04,0.06,0.0,-0.051,0.661,3.0,1.9,1.0,7.0,6.0,66.0,1.0,0.0,0.84,20.9,6.1,3.0,0.4,1.54,1.4,4.0,5.0,3.0,4.0,-6.5,10.0,1.0,0.5,1.0,1.0,0.0
SD,0.0,-0.4,0.1,0.4,-2.1,0.22,0.0,3.0,2.0,7.0,0.5,65.0,0.0,0.0,1.0,-0.2,0.0,0.0,6.6,0.0,2.0,8.0,3.0,3.0,0.0,17.0,3.0,5.0,8.0,3.0,0.0,-0.14,1.87,10.0,0.02,0.03,0.0,0.012,0.245,2.0,0.7,7.0,8.0,6.0,39.0,1.0,1.0,0.77,19.1,5.7,0.0,0.71,2.34,1.7,4.0,3.0,2.0,2.0,-5.7,4.0,4.0,-5.5,0.0,0.0,0.0
DS,0.0,-0.4,0.1,0.4,-2.1,0.22,0.0,3.0,2.0,7.0,0.5,65.0,0.0,0.0,1.0,-0.2,0.0,0.0,6.6,0.0,2.0,8.0,3.0,3.0,0.0,17.0,3.0,5.0,8.0,3.0,0.0,-0.14,1.87,10.0,0.02,0.03,0.0,0.012,0.245,2.0,0.7,7.0,8.0,6.0,39.0,1.0,1.0,0.77,19.1,5.7,0.0,0.71,2.34,1.7,4.0,3.0,2.0,2.0,-5.7,4.0,4.0,-5.5,0.0,0.0,0.0
SC,1.0,0.9,0.3,0.1,1.5,0.1,0.0,4.0,1.0,8.0,0.1,112.0,1.0,1.0,2.0,-7.7,1.0,1.0,9.0,0.0,10.0,11.0,5.0,10.0,6.0,1.0,11.0,7.0,10.0,2.0,2.0,-0.2,1.84,10.0,0.31,0.35,4.0,-0.178,0.104,1.0,-1.3,6.0,1.0,2.0,91.0,0.0,1.0,0.81,17.7,5.3,18.0,0.31,1.08,0.7,3.0,5.0,1.0,3.0,-8.2,10.0,1.0,3.0,1.0,1.0,2.0
CS,1.0,0.9,0.3,0.1,1.5,0.1,0.0,4.0,1.0,8.0,0.1,112.0,1.0,1.0,2.0,-7.7,1.0,1.0,9.0,0.0,10.0,11.0,5.0,10.0,6.0,1.0,11.0,7.0,10.0,2.0,2.0,-0.2,1.84,10.0,0.31,0.35,4.0,-0.178,0.104,1.0,-1.3,6.0,1.0,2.0,91.0,0.0,1.0,0.81,17.7,5.3,18.0,0.31,1.08,0.7,3.0,5.0,1.0,3.0,-8.2,10.0,1.0,3.0,1.0,1.0,2.0
SQ,2.0,-1.4,-0.6,0.1,-2.3,-0.06,1.0,3.0,1.0,10.0,0.2,68.0,0.0,0.0,1.0,-1.2,1.0,1.0,0.0,0.0,2.0,8.0,2.0,4.0,6.0,10.0,3.0,4.0,2.0,4.0,1.0,-0.2,1.65,10.0,-0.23,-0.22,1.0,0.404,0.357,2.0,1.8,7.0,6.0,4.0,71.0,0.0,0.0,0.85,17.6,5.4,0.0,1.04,2.59,0.9,2.0,0.0,4.0,1.0,-7.0,0.0,1.0,-2.5,0.0,0.0,0.0
QS,2.0,-1.4,-0.6,0.1,-2.3,-0.06,1.0,3.0,1.0,10.0,0.2,68.0,0.0,0.0,1.0,-1.2,1.0,1.0,0.0,0.0,2.0,8.0,2.0,4.0,6.0,10.0,3.0,4.0,2.0,4.0,1.0,-0.2,1.65,10.0,-0.23,-0.22,1.0,0.404,0.357,2.0,1.8,7.0,6.0,4.0,71.0,0.0,0.0,0.85,17.6,5.4,0.0,1.04,2.59,0.9,2.0,0.0,4.0,1.0,-7.0,0.0,1.0,-2.5,0.0,0.0,0.0
SE,1.0,-1.2,-0.5,0.1,-2.8,-0.17,0.0,3.0,2.0,7.0,0.2,80.0,0.0,0.0,1.0,-2.2,1.0,0.0,0.0,0.0,2.0,9.0,1.0,5.0,3.0,13.0,3.0,4.0,5.0,4.0,0.0,-0.19,2.06,9.0,-0.41,-0.43,1.0,-0.081,0.204,2.0,1.8,10.0,6.0,3.0,45.0,2.0,2.0,0.92,17.7,5.4,0.0,0.31,0.42,1.1,3.0,2.0,1.0,2.0,-6.6,1.0,3.0,-5.0,0.0,0.0,1.0
ES,1.0,-1.2,-0.5,0.1,-2.8,-0.17,0.0,3.0,2.0,7.0,0.2,80.0,0.0,0.0,1.0,-2.2,1.0,0.0,0.0,0.0,2.0,9.0,1.0,5.0,3.0,13.0,3.0,4.0,5.0,4.0,0.0,-0.19,2.06,9.0,-0.41,-0.43,1.0,-0.081,0.204,2.0,1.8,10.0,6.0,3.0,45.0,2.0,2.0,0.92,17.7,5.4,0.0,0.31,0.42,1.1,3.0,2.0,1.0,2.0,-6.6,1.0,3.0,-5.0,0.0,0.0,1.0
SG,1.0,0.8,0.6,0.4,-0.6,0.29,1.0,5.0,1.0,10.0,0.4,56.0,0.0,0.0,1.0,-1.3,1.0,1.0,0.0,0.0,6.0,7.0,5.0,7.0,0.0,16.0,4.0,6.0,8.0,3.0,0.0,0.0,0.85,11.0,0.28,0.28,1.0,0.015,0.0,1.0,0.7,9.0,8.0,6.0,98.0,0.0,0.0,0.91,20.2,5.6,0.0,0.29,0.63,1.6,4.0,4.0,0.0,0.0,-6.3,2.0,1.0,0.5,0.0,0.0,1.0
GS,1.0,0.8,0.6,0.4,-0.6,0.29,1.0,5.0,1.0,10.0,0.4,56.0,0.0,0.0,1.0,-1.3,1.0,1.0,0.0,0.0,6.0,7.0,5.0,7.0,0.0,16.0,4.0,6.0,8.0,3.0,0.0,0.0,0.85,11.0,0.28,0.28,1.0,0.015,0.0,1.0,0.7,9.0,8.0,6.0,98.0,0.0,0.0,0.91,20.2,5.6,0.0,0.29,0.63,1.6,4.0,4.0,0.0,0.0,-6.3,2.0,1.0,0.5,0.0,0.0,1.0
SH,2.0,-0.9,-0.5,-0.3,-1.6,0.14,1.0,3.0,2.0,9.0,-0.2,89.0,1.0,1.0,2.0,-2.6,1.0,2.0,9.0,0.0,4.0,1.0,0.0,19.0,11.0,10.0,3.0,0.0,3.0,3.0,0.0,-0.15,1.94,10.0,-0.05,-0.02,2.0,0.144,0.568,3.0,-0.4,3.0,3.0,2.0,78.0,1.0,0.0,0.85,13.8,5.0,0.0,-0.74,-2.38,-0.1,2.0,1.0,4.0,1.0,-7.0,9.0,2.0,-2.5,1.0,0.0,1.0
HS,2.0,-0.9,-0.5,-0.3,-1.6,0.14,1.0,3.0,2.0,9.0,-0.2,89.0,1.0,1.0,2.0,-2.6,1.0,2.0,9.0,0.0,4.0,1.0,0.0,19.0,11.0,10.0,3.0,0.0,3.0,3.0,0.0,-0.15,1.94,10.0,-0.05,-0.02,2.0,0.144,0.568,3.0,-0.4,3.0,3.0,2.0,78.0,1.0,0.0,0.85,13.8,5.0,0.0,-0.74,-2.38,-0.1,2.0,1.0,4.0,1.0,-7.0,9.0,2.0,-2.5,1.0,0.0,1.0
SI,2.0,-1.2,-1.4,-1.8,-0.5,-0.27,1.0,2.0,1.0,7.0,-1.8,142.0,2.0,4.0,4.0,-4.7,1.0,1.0,0.0,1.0,5.0,11.0,4.0,1.0,10.0,12.0,8.0,5.0,13.0,2.0,0.0,-0.68,2.95,8.0,-0.34,-0.37,3.0,0.166,0.083,0.0,1.6,17.0,8.0,7.0,84.0,1.0,1.0,1.24,14.6,3.4,6.0,-1.75,-4.67,-1.1,5.0,1.0,4.0,3.0,-7.2,20.0,2.0,-1.5,3.0,2.0,4.0
IS,2.0,-1.2,-1.4,-1.8,-0.5,-0.27,1.0,2.0,1.0,7.0,-1.8,142.0,2.0,4.0,4.0,-4.7,1.0,1.0,0.0,1.0,5.0,11.0,4.0,1.0,10.0,12.0,8.0,5.0,13.0,2.0,0.0,-0.68,2.95,8.0,-0.34,-0.37,3.0,0.166,0.083,0.0,1.6,17.0,8.0,7.0,84.0,1.0,1.0,1.24,14.6,3.4,6.0,-1.75,-4.67,-1.1,5.0,1.0,4.0,3.0,-7.2,20.0,2.0,-1.5,3.0,2.0,4.0
SL,4.0,-1.5,-2.1,-2.2,-1.2,-0.19,3.0,2.0,1.0,7.0,-2.1,145.0,3.0,4.0,4.0,-5.2,2.0,2.0,0.0,1.0,5.0,25.0,12.0,10.0,15.0,15.0,10.0,15.0,15.0,2.0,0.0,-0.7,3.04,8.0,-0.61,-0.66,4.0,-0.042,0.003,0.0,1.3,11.0,7.0,6.0,86.0,1.0,1.0,1.09,12.2,3.1,4.0,-2.3,-6.22,-0.8,5.0,1.0,2.0,0.0,-6.4,22.0,2.0,-1.5,3.0,2.0,3.0
LS,4.0,-1.5,-2.1,-2.2,-1.2,-0.19,3.0,2.0,1.0,7.0,-2.1,145.0,3.0,4.0,4.0,-5.2,2.0,2.0,0.0,1.0,5.0,25.0,12.0,10.0,15.0,15.0,10.0,15.0,15.0,2.0,0.0,-0.7,3.04,8.0,-0.61,-0.66,4.0,-0.042,0.003,0.0,1.3,11.0,7.0,6.0,86.0,1.0,1.0,1.09,12.2,3.1,4.0,-2.3,-6.22,-0.8,5.0,1.0,2.0,0.0,-6.4,22.0,2.0,-1.5,3.0,2.0,3.0
SK,1.0,-1.2,-0.4,0.0,-1.5,-0.24,0.0,3.0,2.0,6.0,0.1,121.0,1.0,0.0,1.0,-1.5,1.0,1.0,5.0,0.0,1.0,8.0,3.0,5.0,4.0,11.0,1.0,1.0,4.0,3.0,0.0,-0.14,2.71,10.0,-0.18,-0.21,1.0,0.102,0.745,3.0,1.4,10.0,6.0,4.0,41.0,0.0,0.0,0.89,16.6,5.3,1.0,-0.06,-0.27,1.4,3.0,0.0,0.0,0.0,-6.6,3.0,5.0,-5.0,1.0,0.0,1.0
KS,1.0,-1.2,-0.4,0.0,-1.5,-0.24,0.0,3.0,2.0,6.0,0.1,121.0,1.0,0.0,1.0,-1.5,1.0,1.0,5.0,0.0,1.0,8.0,3.0,5.0,4.0,11.0,1.0,1.0,4.0,3.0,0.0,-0.14,2.71,10.0,-0.18,-0.21,1.0,0.102,0.745,3.0,1.4,10.0,6.0,4.0,41.0,0.0,0.0,0.89,16.6,5.3,1.0,-0.06,-0.27,1.4,3.0,0.0,0.0,0.0,-6.6,3.0,5.0,-5.0,1.0,0.0,1.0
SM,2.0,-1.3,-1.5,-1.4,-1.3,-0.17,2.0,1.0,2.0,8.0,-1.4,135.0,2.0,2.0,3.0,-4.8,1.0,2.0,0.0,1.0,4.0,18.0,3.0,0.0,2.0,2.0,7.0,4.0,3.0,2.0,0.0,-0.75,2.67,7.0,-0.48,-0.53,4.0,0.165,0.054,0.0,0.6,10.0,5.0,5.0,83.0,0.0,1.0,1.15,14.7,3.8,7.0,-1.34,-3.92,-1.1,3.0,3.0,2.0,4.0,-7.5,10.0,2.0,-1.0,3.0,1.0,2.0
MS,2.0,-1.3,-1.5,-1.4,-1.3,-0.17,2.0,1.0,2.0,8.0,-1.4,135.0,2.0,2.0,3.0,-4.8,1.0,2.0,0.0,1.0,4.0,18.0,3.0,0.0,2.0,2.0,7.0,4.0,3.0,2.0,0.0,-0.75,2.67,7.0,-0.48,-0.53,4.0,0.165,0.054,0.0,0.6,10.0,5.0,5.0,83.0,0.0,1.0,1.15,14.7,3.8,7.0,-1.34,-3.92,-1.1,3.0,3.0,2.0,4.0,-7.5,10.0,2.0,-1.0,3.0,1.0,2.0
SF,3.0,-1.8,-2.2,-2.6,0.0,-0.01,3.0,3.0,1.0,6.0,-2.8,155.0,2.0,4.0,4.0,-4.8,2.0,1.0,5.0,1.0,14.0,37.0,18.0,14.0,9.0,16.0,19.0,21.0,14.0,2.0,0.0,-0.53,3.45,8.0,-0.13,-0.13,3.0,-0.012,0.152,0.0,0.5,0.0,5.0,5.0,81.0,2.0,0.0,1.28,9.65,2.4,4.0,-1.11,-5.03,-2.5,4.0,2.0,0.0,0.0,-8.3,19.0,2.0,-0.5,3.0,2.0,3.0
FS,3.0,-1.8,-2.2,-2.6,0.0,-0.01,3.0,3.0,1.0,6.0,-2.8,155.0,2.0,4.0,4.0,-4.8,2.0,1.0,5.0,1.0,14.0,37.0,18.0,14.0,9.0,16.0,19.0,21.0,14.0,2.0,0.0,-0.53,3.45,8.0,-0.13,-0.13,3.0,-0.012,0.152,0.0,0.5,0.0,5.0,5.0,81.0,2.0,0.0,1.28,9.65,2.4,4.0,-1.11,-5.03,-2.5,4.0,2.0,0.0,0.0,-8.3,19.0,2.0,-0.5,3.0,2.0,3.0
SP,1.0,1.4,1.1,0.5,0.4,0.27,1.0,4.0,1.0,7.0,0.4,74.0,1.0,1.0,2.0,-1.0,1.0,1.0,0.0,0.0,3.0,9.0,1.0,9.0,4.0,4.0,3.0,6.0,4.0,3.0,0.0,0.24,0.56,10.0,0.35,0.35,1.0,-0.363,0.2,1.0,-0.3,15.0,6.0,5.0,95.0,0.0,1.0,0.87,17.9,5.6,1.0,-0.29,-1.28,2.0,3.0,5.0,2.0,5.0,-6.8,8.0,3.0,-4.0,0.0,0.0,1.0
PS,1.0,1.4,1.1,0.5,0.4,0.27,1.0,4.0,1.0,7.0,0.4,74.0,1.0,1.0,2.0,-1.0,1.0,1.0,0.0,0.0,3.0,9.0,1.0,9.0,4.0,4.0,3.0,6.0,4.0,3.0,0.0,0.24,0.56,10.0,0.35,0.35,1.0,-0.363,0.2,1.0,-0.3,15.0,6.0,5.0,95.0,0.0,1.0,0.87,17.9,5.6,1.0,-0.29,-1.28,2.0,3.0,5.0,2.0,5.0,-6.8,8.0,3.0,-4.0,0.0,0.0,1.0
SS,3.0,2.1,2.0,2.1,2.6,1.0,2.0,6.0,0.0,10.0,2.2,0.0,4.0,6.0,7.0,5.8,2.0,3.0,10.0,2.0,17.0,36.0,17.0,23.0,25.0,28.0,19.0,17.0,26.0,8.0,5.0,0.48,0.0,16.0,1.0,1.0,4.0,1.0,1.0,8.0,2.2,100.0,9.0,7.0,100.0,4.0,0.0,0.96,25.4,7.4,9.0,2.36,6.35,2.8,5.0,10.0,0.0,3.0,-4.6,36.0,6.0,6.0,4.0,2.0,4.0
TA,1.0,1.7,1.4,0.7,0.9,0.11,1.0,5.0,1.0,10.0,0.6,58.0,0.0,0.0,0.0,-0.8,2.0,1.0,0.0,0.0,3.0,8.0,1.0,6.0,3.0,6.0,3.0,2.0,4.0,3.0,1.0,0.18,0.9,10.0,-0.59,-0.63,1.0,-0.083,0.574,3.0,1.9,3.0,2.0,2.0,98.0,0.0,0.0,0.97,18.1,5.8,3.0,0.13,0.6,1.7,0.0,1.0,0.0,0.0,-6.2,0.0,0.0,1.5,1.0,1.0,1.0
AT,1.0,1.7,1.4,0.7,0.9,0.11,1.0,5.0,1.0,10.0,0.6,58.0,0.0,0.0,0.0,-0.8,2.0,1.0,0.0,0.0,3.0,8.0,1.0,6.0,3.0,6.0,3.0,2.0,4.0,3.0,1.0,0.18,0.9,10.0,-0.59,-0.63,1.0,-0.083,0.574,3.0,1.9,3.0,2.0,2.0,98.0,0.0,0.0,0.97,18.1,5.8,3.0,0.13,0.6,1.7,0.0,1.0,0.0,0.0,-6.2,0.0,0.0,1.5,1.0,1.0,1.0
TR,2.0,-1.3,-0.7,-0.3,-0.6,-0.32,1.0,3.0,1.0,5.0,-0.2,71.0,1.0,2.0,2.0,-1.4,1.0,1.0,5.0,0.0,1.0,6.0,2.0,3.0,2.0,10.0,0.0,2.0,6.0,3.0,0.0,0.0,2.03,9.0,-0.12,-0.12,1.0,0.037,0.427,2.0,1.9,5.0,5.0,2.0,16.0,0.0,1.0,1.08,20.6,5.0,0.0,-0.15,0.34,0.2,1.0,0.0,0.0,0.0,-6.8,8.0,6.0,-5.0,1.0,1.0,1.0
RT,2.0,-1.3,-0.7,-0.3,-0.6,-0.32,1.0,3.0,1.0,5.0,-0.2,71.0,1.0,2.0,2.0,-1.4,1.0,1.0,5.0,0.0,1.0,6.0,2.0,3.0,2.0,10.0,0.0,2.0,6.0,3.0,0.0,0.0,2.03,9.0,-0.12,-0.12,1.0,0.037,0.427,2.0,1.9,5.0,5.0,2.0,16.0,0.0,1.0,1.08,20.6,5.0,0.0,-0.15,0.34,0.2,1.0,0.0,0.0,0.0,-6.8,8.0,6.0,-5.0,1.0,1.0,1.0
TN,0.0,0.5,0.5,0.4,0.9,0.13,0.0,4.0,1.0,9.0,0.5,65.0,0.0,0.0,0.0,0.1,1.0,1.0,0.0,0.0,2.0,6.0,3.0,3.0,4.0,8.0,3.0,4.0,2.0,3.0,1.0,0.11,1.4,10.0,0.01,0.01,0.0,0.076,0.519,3.0,1.1,12.0,4.0,2.0,63.0,1.0,1.0,0.99,20.2,5.7,2.0,0.3,1.14,1.4,2.0,1.0,4.0,3.0,-6.4,0.0,1.0,-1.5,0.0,0.0,1.0
NT,0.0,0.5,0.5,0.4,0.9,0.13,0.0,4.0,1.0,9.0,0.5,65.0,0.0,0.0,0.0,0.1,1.0,1.0,0.0,0.0,2.0,6.0,3.0,3.0,4.0,8.0,3.0,4.0,2.0,3.0,1.0,0.11,1.4,10.0,0.01,0.01,0.0,0.076,0.519,3.0,1.1,12.0,4.0,2.0,63.0,1.0,1.0,0.99,20.2,5.7,2.0,0.3,1.14,1.4,2.0,1.0,4.0,3.0,-6.4,0.0,1.0,-1.5,0.0,0.0,1.0
TD,1.0,-1.2,-0.7,-0.2,-2.1,0.23,0.0,2.0,2.0,5.0,0.0,85.0,1.0,2.0,2.0,-1.8,1.0,0.0,0.0,0.0,2.0,8.0,1.0,1.0,1.0,2.0,1.0,2.0,2.0,3.0,0.0,-0.1,2.05,9.0,-0.18,-0.19,1.0,0.328,0.382,4.0,0.0,11.0,4.0,3.0,35.0,1.0,0.0,0.88,19.0,5.2,0.0,-0.75,-1.36,0.1,2.0,3.0,1.0,2.0,-6.5,10.0,5.0,-5.5,1.0,0.0,1.0
DT,1.0,-1.2,-0.7,-0.2,-2.1,0.23,0.0,2.0,2.0,5.0,0.0,85.0,1.0,2.0,2.0,-1.8,1.0,0.0,0.0,0.0,2.0,8.0,1.0,1.0,1.0,2.0,1.0,2.0,2.0,3.0,0.0,-0.1,2.05,9.0,-0.18,-0.19,1.0,0.328,0.382,4.0,0.0,11.0,4.0,3.0,35.0,1.0,0.0,0.88,19.0,5.2,0.0,-0.75,-1.36,0.1,2.0,3.0,1.0,2.0,-6.5,10.0,5.0,-5.5,1.0,0.0,1.0
TC,3.0,-1.5,-1.1,-0.6,-1.9,0.14,2.0,2.0,2.0,9.0,-0.5,149.0,1.0,1.0,2.0,-6.0,1.0,0.0,6.6,0.0,7.0,1.0,4.0,8.0,7.0,11.0,6.0,6.0,18.0,2.0,0.0,-0.62,1.45,10.0,0.12,0.15,5.0,0.087,0.326,1.0,-1.4,4.0,5.0,3.0,95.0,0.0,1.0,0.93,16.2,4.7,19.0,-0.59,-1.89,0.3,2.0,2.0,2.0,0.0,-7.5,7.0,1.0,1.0,0.0,0.0,1.0
CT,3.0,-1.5,-1.1,-0.6,-1.9,0.14,2.0,2.0,2.0,9.0,-0.5,149.0,1.0,1.0,2.0,-6.0,1.0,0.0,6.6,0.0,7.0,1.0,4.0,8.0,7.0,11.0,6.0,6.0,18.0,2.0,0.0,-0.62,1.45,10.0,0.12,0.15,5.0,0.087,0.326,1.0,-1.4,4.0,5.0,3.0,95.0,0.0,1.0,0.93,16.2,4.7,19.0,-0.59,-1.89,0.3,2.0,2.0,2.0,0.0,-7.5,7.0,1.0,1.0,0.0,0.0,1.0
TQ,2.0,-1.7,-0.7,-0.1,-1.7,-0.15,1.0,3.0,2.0,9.0,0.0,42.0,1.0,1.0,1.0,-0.4,1.0,2.0,5.0,0.0,1.0,8.0,2.0,3.0,2.0,4.0,2.0,3.0,4.0,3.0,0.0,-0.07,1.12,10.0,-0.21,-0.22,0.0,0.344,0.61,3.0,1.7,10.0,6.0,2.0,67.0,1.0,2.0,1.02,17.4,5.2,2.0,0.6,1.08,-0.1,1.0,3.0,2.0,0.0,-7.0,7.0,3.0,-3.5,1.0,0.0,1.0
QT,2.0,-1.7,-0.7,-0.1,-1.7,-0.15,1.0,3.0,2.0,9.0,0.0,42.0,1.0,1.0,1.0,-0.4,1.0,2.0,5.0,0.0,1.0,8.0,2.0,3.0,2.0,4.0,2.0,3.0,4.0,3.0,0.0,-0.07,1.12,10.0,-0.21,-0.22,0.0,0.344,0.61,3.0,1.7,10.0,6.0,2.0,67.0,1.0,2.0,1.02,17.4,5.2,2.0,0.6,1.08,-0.1,1.0,3.0,2.0,0.0,-7.0,7.0,3.0,-3.5,1.0,0.0,1.0
TE,2.0,-1.6,-0.9,-0.2,-2.1,-0.27,0.0,3.0,2.0,5.0,-0.1,65.0,1.0,1.0,2.0,-0.5,1.0,1.0,0.0,0.0,1.0,10.0,0.0,4.0,0.0,9.0,2.0,2.0,4.0,4.0,0.0,-0.09,1.83,8.0,-0.5,-0.54,0.0,0.22,0.287,3.0,1.6,12.0,3.0,1.0,41.0,1.0,0.0,1.11,18.8,5.1,3.0,-0.21,-0.61,1.6,3.0,2.0,0.0,1.0,-6.8,6.0,5.0,-6.5,1.0,0.0,1.0
ET,2.0,-1.6,-0.9,-0.2,-2.1,-0.27,0.0,3.0,2.0,5.0,-0.1,65.0,1.0,1.0,2.0,-0.5,1.0,1.0,0.0,0.0,1.0,10.0,0.0,4.0,0.0,9.0,2.0,2.0,4.0,4.0,0.0,-0.09,1.83,8.0,-0.5,-0.54,0.0,0.22,0.287,3.0,1.6,12.0,3.0,1.0,41.0,1.0,0.0,1.11,18.8,5.1,3.0,-0.21,-0.61,1.6,3.0,2.0,0.0,1.0,-6.8,6.0,5.0,-6.5,1.0,0.0,1.0
TG,1.0,-0.5,-0.7,-1.0,-2.1,-0.02,0.0,2.0,2.0,9.0,-1.1,59.0,2.0,2.0,3.0,-3.8,1.0,0.0,0.0,0.0,12.0,0.0,3.0,4.0,1.0,8.0,10.0,4.0,3.0,2.0,0.0,-0.09,1.7,10.0,0.1,0.11,3.0,0.335,0.0,1.0,0.2,13.0,1.0,1.0,99.0,0.0,2.0,1.03,18.2,4.1,4.0,-0.81,-2.24,-0.6,0.0,0.0,0.0,0.0,-6.7,17.0,1.0,-1.5,2.0,1.0,2.0
GT,1.0,-0.5,-0.7,-1.0,-2.1,-0.02,0.0,2.0,2.0,9.0,-1.1,59.0,2.0,2.0,3.0,-3.8,1.0,0.0,0.0,0.0,12.0,0.0,3.0,4.0,1.0,8.0,10.0,4.0,3.0,2.0,0.0,-0.09,1.7,10.0,0.1,0.11,3.0,0.335,0.0,1.0,0.2,13.0,1.0,1.0,99.0,0.0,2.0,1.03,18.2,4.1,4.0,-0.81,-2.24,-0.6,0.0,0.0,0.0,0.0,-6.7,17.0,1.0,-1.5,2.0,1.0,2.0
TH,3.0,-1.7,-1.1,-0.5,-1.8,0.08,1.0,2.0,2.0,10.0,-0.3,47.0,2.0,3.0,3.0,-3.0,1.0,2.0,5.0,0.0,5.0,5.0,1.0,16.0,19.0,5.0,5.0,0.0,4.0,4.0,0.0,-0.13,1.32,10.0,0.1,0.09,2.0,0.259,0.399,2.0,-0.9,7.0,4.0,3.0,74.0,1.0,1.0,0.91,14.8,4.9,0.0,-0.52,-1.14,-0.2,0.0,5.0,1.0,3.0,-8.0,20.0,4.0,-3.5,1.0,0.0,1.0
HT,3.0,-1.7,-1.1,-0.5,-1.8,0.08,1.0,2.0,2.0,10.0,-0.3,47.0,2.0,3.0,3.0,-3.0,1.0,2.0,5.0,0.0,5.0,5.0,1.0,16.0,19.0,5.0,5.0,0.0,4.0,4.0,0.0,-0.13,1.32,10.0,0.1,0.09,2.0,0.259,0.399,2.0,-0.9,7.0,4.0,3.0,74.0,1.0,1.0,0.91,14.8,4.9,0.0,-0.52,-1.14,-0.2,0.0,5.0,1.0,3.0,-8.0,20.0,4.0,-3.5,1.0,0.0,1.0
TI,0.0,0.7,0.3,-0.3,0.8,0.0,0.0,3.0,1.0,8.0,-0.6,89.0,1.0,1.0,2.0,-3.2,1.0,0.0,0.0,0.0,0.0,1.0,3.0,2.0,3.0,7.0,1.0,1.0,7.0,3.0,1.0,-0.59,2.14,10.0,0.3,0.32,2.0,0.385,0.382,1.0,1.6,5.0,4.0,2.0,88.0,0.0,1.0,1.27,17.5,4.6,3.0,-0.96,-3.03,0.0,3.0,0.0,0.0,0.0,-7.1,8.0,1.0,0.5,1.0,0.0,2.0
IT,0.0,0.7,0.3,-0.3,0.8,0.0,0.0,3.0,1.0,8.0,-0.6,89.0,1.0,1.0,2.0,-3.2,1.0,0.0,0.0,0.0,0.0,1.0,3.0,2.0,3.0,7.0,1.0,1.0,7.0,3.0,1.0,-0.59,2.14,10.0,0.3,0.32,2.0,0.385,0.382,1.0,1.6,5.0,4.0,2.0,88.0,0.0,1.0,1.27,17.5,4.6,3.0,-0.96,-3.03,0.0,3.0,0.0,0.0,0.0,-7.1,8.0,1.0,0.5,1.0,0.0,2.0
TL,3.0,-0.4,-1.0,-1.1,-1.9,-0.04,2.0,2.0,2.0,8.0,-1.3,92.0,1.0,2.0,3.0,-4.6,1.0,1.0,0.0,0.0,4.0,18.0,6.0,6.0,12.0,11.0,9.0,9.0,12.0,3.0,0.0,-0.77,2.25,9.0,-0.31,-0.36,3.0,0.386,0.346,1.0,1.2,11.0,6.0,4.0,90.0,0.0,1.0,1.18,14.3,3.9,5.0,-0.86,-2.4,0.3,3.0,3.0,0.0,1.0,-6.2,13.0,1.0,0.5,2.0,1.0,2.0
LT,3.0,-0.4,-1.0,-1.1,-1.9,-0.04,2.0,2.0,2.0,8.0,-1.3,92.0,1.0,2.0,3.0,-4.6,1.0,1.0,0.0,0.0,4.0,18.0,6.0,6.0,12.0,11.0,9.0,9.0,12.0,3.0,0.0,-0.77,2.25,9.0,-0.31,-0.36,3.0,0.386,0.346,1.0,1.2,11.0,6.0,4.0,90.0,0.0,1.0,1.18,14.3,3.9,5.0,-0.86,-2.4,0.3,3.0,3.0,0.0,1.0,-6.2,13.0,1.0,0.5,2.0,1.0,2.0
TK,1.0,-1.1,-0.4,0.1,1.0,-0.24,0.0,4.0,1.0,5.0,0.1,78.0,1.0,1.0,1.0,-0.2,1.0,2.0,5.0,0.0,3.0,6.0,3.0,5.0,1.0,7.0,2.0,0.0,4.0,3.0,0.0,0.09,2.1,9.0,-0.33,-0.38,0.0,-0.206,0.54,3.0,1.2,8.0,7.0,2.0,38.0,0.0,1.0,1.09,17.6,5.3,1.0,-0.1,-0.37,1.0,2.0,2.0,2.0,1.0,-6.3,8.0,6.0,-5.0,1.0,0.0,1.0
KT,1.0,-1.1,-0.4,0.1,1.0,-0.24,0.0,4.0,1.0,5.0,0.1,78.0,1.0,1.0,1.0,-0.2,1.0,2.0,5.0,0.0,3.0,6.0,3.0,5.0,1.0,7.0,2.0,0.0,4.0,3.0,0.0,0.09,2.1,9.0,-0.33,-0.38,0.0,-0.206,0.54,3.0,1.2,8.0,7.0,2.0,38.0,0.0,1.0,1.09,17.6,5.3,1.0,-0.1,-0.37,1.0,2.0,2.0,2.0,1.0,-6.3,8.0,6.0,-5.0,1.0,0.0,1.0
TM,1.0,0.6,0.1,-0.4,0.7,-0.02,1.0,3.0,1.0,9.0,-0.6,81.0,1.0,1.0,1.0,-3.2,0.0,0.0,0.0,0.0,2.0,9.0,2.0,1.0,2.0,3.0,4.0,0.0,2.0,3.0,0.0,-0.61,1.86,8.0,-0.31,-0.35,2.0,-0.141,0.313,1.0,0.8,8.0,4.0,3.0,86.0,0.0,1.0,1.11,16.9,4.6,3.0,-1.58,-5.18,-0.3,2.0,3.0,2.0,2.0,-7.3,7.0,0.0,1.5,1.0,0.0,1.0
MT,1.0,0.6,0.1,-0.4,0.7,-0.02,1.0,3.0,1.0,9.0,-0.6,81.0,1.0,1.0,1.0,-3.2,0.0,0.0,0.0,0.0,2.0,9.0,2.0,1.0,2.0,3.0,4.0,0.0,2.0,3.0,0.0,-0.61,1.86,8.0,-0.31,-0.35,2.0,-0.141,0.313,1.0,0.8,8.0,4.0,3.0,86.0,0.0,1.0,1.11,16.9,4.6,3.0,-1.58,-5.18,-0.3,2.0,3.0,2.0,2.0,-7.3,7.0,0.0,1.5,1.0,0.0,1.0
TF,4.0,-2.4,-2.6,-2.2,-2.1,0.02,3.0,1.0,2.0,7.0,-2.2,103.0,1.0,3.0,4.0,-5.0,2.0,2.0,5.0,1.0,13.0,37.0,16.0,13.0,8.0,17.0,19.0,19.0,13.0,1.0,0.0,-0.75,2.6,10.0,0.19,0.21,3.0,0.306,0.41,2.0,0.3,4.0,4.0,3.0,84.0,2.0,0.0,1.32,12.8,3.0,2.0,-0.69,-4.0,-0.8,2.0,3.0,2.0,0.0,-7.7,18.0,2.0,0.0,3.0,2.0,2.0
FT,4.0,-2.4,-2.6,-2.2,-2.1,0.02,3.0,1.0,2.0,7.0,-2.2,103.0,1.0,3.0,4.0,-5.0,2.0,2.0,5.0,1.0,13.0,37.0,16.0,13.0,8.0,17.0,19.0,19.0,13.0,1.0,0.0,-0.75,2.6,10.0,0.19,0.21,3.0,0.306,0.41,2.0,0.3,4.0,4.0,3.0,84.0,2.0,0.0,1.32,12.8,3.0,2.0,-0.69,-4.0,-0.8,2.0,3.0,2.0,0.0,-7.7,18.0,2.0,0.0,3.0,2.0,2.0
TP,1.0,0.6,0.4,0.1,1.1,0.2,0.0,4.0,1.0,8.0,0.1,38.0,1.0,2.0,3.0,-2.0,1.0,1.0,0.0,0.0,6.0,14.0,3.0,4.0,2.0,1.0,7.0,1.0,3.0,3.0,1.0,0.25,0.87,8.0,-0.21,-0.21,1.0,-0.336,0.435,2.0,-0.5,2.0,5.0,3.0,91.0,0.0,1.0,0.93,14.9,5.3,1.0,0.93,2.44,1.1,1.0,1.0,1.0,1.0,-6.7,11.0,4.0,-3.5,1.0,0.0,2.0
PT,1.0,0.6,0.4,0.1,1.1,0.2,0.0,4.0,1.0,8.0,0.1,38.0,1.0,2.0,3.0,-2.0,1.0,1.0,0.0,0.0,6.0,14.0,3.0,4.0,2.0,1.0,7.0,1.0,3.0,3.0,1.0,0.25,0.87,8.0,-0.21,-0.21,1.0,-0.336,0.435,2.0,-0.5,2.0,5.0,3.0,91.0,0.0,1.0,0.93,14.9,5.3,1.0,0.93,2.44,1.1,1.0,1.0,1.0,1.0,-6.7,11.0,4.0,-3.5,1.0,0.0,2.0
TS,2.0,1.5,1.5,1.4,1.0,0.45,1.0,5.0,1.0,9.0,1.5,58.0,2.0,2.0,2.0,2.0,1.0,2.0,6.6,0.0,4.0,10.0,4.0,9.0,4.0,12.0,5.0,5.0,8.0,5.0,3.0,0.28,0.89,11.0,0.33,0.36,1.0,-0.124,0.601,4.0,2.1,24.0,5.0,4.0,96.0,1.0,0.0,1.1,19.5,6.7,5.0,1.2,3.09,2.6,2.0,4.0,4.0,3.0,-5.5,18.0,1.0,1.5,2.0,1.0,1.0
ST,2.0,1.5,1.5,1.4,1.0,0.45,1.0,5.0,1.0,9.0,1.5,58.0,2.0,2.0,2.0,2.0,1.0,2.0,6.6,0.0,4.0,10.0,4.0,9.0,4.0,12.0,5.0,5.0,8.0,5.0,3.0,0.28,0.89,11.0,0.33,0.36,1.0,-0.124,0.601,4.0,2.1,24.0,5.0,4.0,96.0,1.0,0.0,1.1,19.5,6.7,5.0,1.2,3.09,2.6,2.0,4.0,4.0,3.0,-5.5,18.0,1.0,1.5,2.0,1.0,1.0
TT,4.0,2.4,2.5,2.5,4.0,1.0,3.0,6.0,0.0,10.0,2.5,0.0,5.0,7.0,8.0,6.8,2.0,3.0,10.0,2.0,30.0,35.0,16.0,10.0,20.0,24.0,31.0,14.0,21.0,8.0,5.0,0.45,0.0,16.0,1.0,1.0,5.0,1.0,1.0,8.0,2.2,100.0,10.0,6.0,100.0,4.0,1.0,1.16,26.1,7.7,7.0,2.04,6.33,0.4,3.0,0.0,0.0,2.0,-5.0,48.0,3.0,4.0,5.0,3.0,5.0
WA,7.0,-4.3,-5.5,-4.1,-2.2,-0.25,6.0,2.0,2.0,5.0,-3.6,148.0,2.0,4.0,5.0,-5.8,4.0,4.0,0.0,1.0,6.0,20.0,20.0,50.0,2.0,23.0,9.0,43.0,17.0,1.0,0.0,-0.51,4.23,11.0,-0.11,-0.11,3.0,0.081,0.825,4.0,-0.9,12.0,2.0,1.0,98.0,0.0,3.0,1.18,10.1,1.6,11.0,-0.66,-2.61,-3.3,0.0,4.0,1.0,0.0,-9.0,29.0,4.0,-2.5,5.0,3.0,3.0
AW,7.0,-4.3,-5.5,-4.1,-2.2,-0.25,6.0,2.0,2.0,5.0,-3.6,148.0,2.0,4.0,5.0,-5.8,4.0,4.0,0.0,1.0,6.0,20.0,20.0,50.0,2.0,23.0,9.0,43.0,17.0,1.0,0.0,-0.51,4.23,11.0,-0.11,-0.11,3.0,0.081,0.825,4.0,-0.9,12.0,2.0,1.0,98.0,0.0,3.0,1.18,10.1,1.6,11.0,-0.66,-2.61,-3.3,0.0,4.0,1.0,0.0,-9.0,29.0,4.0,-2.5,5.0,3.0,3.0
WR,1.0,2.0,-1.1,-1.6,1.8,-0.03,2.0,2.0,1.0,0.0,-1.6,101.0,2.0,4.0,5.0,-3.8,0.0,5.0,6.6,0.0,3.0,2.0,8.0,35.0,31.0,16.0,2.0,29.0,5.0,3.0,0.0,-0.26,2.72,7.0,0.0,0.03,2.0,-0.059,0.169,0.0,-0.8,7.0,3.0,4.0,11.0,0.0,3.0,1.33,9.94,3.6,6.0,-0.04,1.02,-1.5,3.0,5.0,2.0,0.0,-9.4,29.0,7.0,-4.5,4.0,3.0,2.0
RW,1.0,2.0,-1.1,-1.6,1.8,-0.03,2.0,2.0,1.0,0.0,-1.6,101.0,2.0,4.0,5.0,-3.8,0.0,5.0,6.6,0.0,3.0,2.0,8.0,35.0,31.0,16.0,2.0,29.0,5.0,3.0,0.0,-0.26,2.72,7.0,0.0,0.03,2.0,-0.059,0.169,0.0,-0.8,7.0,3.0,4.0,11.0,0.0,3.0,1.33,9.94,3.6,6.0,-0.04,1.02,-1.5,3.0,5.0,2.0,0.0,-9.4,29.0,7.0,-4.5,4.0,3.0,2.0
WN,5.0,-4.4,-5.2,-4.0,-3.0,-0.39,4.0,0.0,3.0,4.0,-3.6,174.0,4.0,6.0,7.0,-6.1,5.0,3.0,0.0,1.0,6.0,6.0,18.0,34.0,30.0,11.0,7.0,38.0,22.0,0.0,0.0,-0.79,4.39,8.0,-0.21,-0.24,5.0,0.277,0.003,0.0,-1.1,6.0,5.0,4.0,58.0,1.0,3.0,0.95,7.74,1.6,9.0,-2.89,-6.29,4.0,4.0,3.0,0.0,1.0,-8.6,39.0,5.0,-4.0,5.0,4.0,3.0
NW,5.0,-4.4,-5.2,-4.0,-3.0,-0.39,4.0,0.0,3.0,4.0,-3.6,174.0,4.0,6.0,7.0,-6.1,5.0,3.0,0.0,1.0,6.0,6.0,18.0,34.0,30.0,11.0,7.0,38.0,22.0,0.0,0.0,-0.79,4.39,8.0,-0.21,-0.24,5.0,0.277,0.003,0.0,-1.1,6.0,5.0,4.0,58.0,1.0,3.0,0.95,7.74,1.6,9.0,-2.89,-6.29,4.0,4.0,3.0,0.0,1.0,-8.6,39.0,5.0,-4.0,5.0,4.0,3.0
WD,8.0,-6.3,-6.4,-5.5,-2.9,-0.41,7.0,0.0,3.0,1.0,-5.2,181.0,4.0,6.0,8.0,-6.0,5.0,4.0,0.0,1.0,10.0,16.0,12.0,55.0,40.0,24.0,13.0,35.0,32.0,0.0,0.0,-0.64,4.88,6.0,-0.19,-0.22,6.0,0.578,-0.079,0.0,-1.4,20.0,5.0,4.0,31.0,3.0,1.0,1.04,9.08,0.0,7.0,-1.91,-5.63,-5.7,4.0,4.0,5.0,5.0,-9.8,40.0,7.0,-6.5,7.0,5.0,4.0
DW,8.0,-6.3,-6.4,-5.5,-2.9,-0.41,7.0,0.0,3.0,1.0,-5.2,181.0,4.0,6.0,8.0,-6.0,5.0,4.0,0.0,1.0,10.0,16.0,12.0,55.0,40.0,24.0,13.0,35.0,32.0,0.0,0.0,-0.64,4.88,6.0,-0.19,-0.22,6.0,0.578,-0.079,0.0,-1.4,20.0,5.0,4.0,31.0,3.0,1.0,1.04,9.08,0.0,7.0,-1.91,-5.63,-5.7,4.0,4.0,5.0,5.0,-9.8,40.0,7.0,-6.5,7.0,5.0,4.0
WC,8.0,1.6,0.5,-0.9,4.1,0.18,8.0,3.0,1.0,6.0,-1.0,215.0,5.0,3.0,5.0,-9.1,1.0,1.0,5.0,1.0,3.0,0.0,16.0,45.0,34.0,43.0,1.0,13.0,53.0,2.0,0.0,0.82,3.34,11.0,0.0,-0.02,6.0,0.174,0.779,5.0,-1.8,8.0,1.0,0.0,99.0,0.0,2.0,1.47,9.56,4.2,24.0,-0.76,-3.01,-0.5,0.0,1.0,2.0,2.0,-12.0,18.0,4.0,-0.5,7.0,4.0,2.0
CW,8.0,1.6,0.5,-0.9,4.1,0.18,8.0,3.0,1.0,6.0,-1.0,215.0,5.0,3.0,5.0,-9.1,1.0,1.0,5.0,1.0,3.0,0.0,16.0,45.0,34.0,43.0,1.0,13.0,53.0,2.0,0.0,0.82,3.34,11.0,0.0,-0.02,6.0,0.174,0.779,5.0,-1.8,8.0,1.0,0.0,99.0,0.0,2.0,1.47,9.56,4.2,24.0,-0.76,-3.01,-0.5,0.0,1.0,2.0,2.0,-12.0,18.0,4.0,-0.5,7.0,4.0,2.0
WQ,6.0,-2.6,-3.3,-2.8,-2.3,-0.17,5.0,1.0,1.0,4.0,-2.7,130.0,2.0,3.0,4.0,-8.2,3.0,0.0,5.0,1.0,13.0,2.0,3.0,15.0,34.0,14.0,13.0,19.0,26.0,2.0,0.0,-0.83,3.42,9.0,-0.17,-0.18,5.0,0.515,0.478,2.0,-1.0,3.0,3.0,5.0,63.0,0.0,2.0,1.17,16.6,2.5,12.0,-0.81,-4.3,-2.9,2.0,1.0,3.0,1.0,-8.3,19.0,1.0,1.0,6.0,4.0,2.0
QW,6.0,-2.6,-3.3,-2.8,-2.3,-0.17,5.0,1.0,1.0,4.0,-2.7,130.0,2.0,3.0,4.0,-8.2,3.0,0.0,5.0,1.0,13.0,2.0,3.0,15.0,34.0,14.0,13.0,19.0,26.0,2.0,0.0,-0.83,3.42,9.0,-0.17,-0.18,5.0,0.515,0.478,2.0,-1.0,3.0,3.0,5.0,63.0,0.0,2.0,1.17,16.6,2.5,12.0,-0.81,-4.3,-2.9,2.0,1.0,3.0,1.0,-8.3,19.0,1.0,1.0,6.0,4.0,2.0
WE,8.0,-5.6,-6.3,-4.7,-3.2,-0.22,7.0,1.0,2.0,1.0,-4.3,152.0,3.0,4.0,6.0,-7.6,5.0,3.0,0.0,1.0,14.0,18.0,16.0,40.0,35.0,19.0,17.0,38.0,29.0,1.0,0.0,-0.66,4.08,7.0,-0.12,-0.12,6.0,0.149,-0.216,0.0,-1.0,10.0,6.0,5.0,37.0,2.0,1.0,1.33,15.3,0.9,3.0,-2.7,-6.28,-4.7,3.0,1.0,2.0,3.0,-7.9,29.0,7.0,-6.0,7.0,5.0,3.0
EW,8.0,-5.6,-6.3,-4.7,-3.2,-0.22,7.0,1.0,2.0,1.0,-4.3,152.0,3.0,4.0,6.0,-7.6,5.0,3.0,0.0,1.0,14.0,18.0,16.0,40.0,35.0,19.0,17.0,38.0,29.0,1.0,0.0,-0.66,4.08,7.0,-0.12,-0.12,6.0,0.149,-0.216,0.0,-1.0,10.0,6.0,5.0,37.0,2.0,1.0,1.33,15.3,0.9,3.0,-2.7,-6.28,-4.7,3.0,1.0,2.0,3.0,-7.9,29.0,7.0,-6.0,7.0,5.0,3.0
WG,8.0,-1.7,-4.5,-4.1,1.4,-0.08,7.0,3.0,1.0,5.0,-4.0,184.0,2.0,4.0,6.0,-6.3,2.0,2.0,0.0,1.0,12.0,23.0,21.0,57.0,33.0,32.0,15.0,46.0,33.0,1.0,0.0,-0.15,5.13,8.0,-0.1,-0.11,4.0,0.136,0.0,1.0,-1.3,13.0,1.0,1.0,94.0,2.0,0.0,1.28,7.2,1.2,10.0,-1.21,-4.77,-4.2,1.0,0.0,2.0,1.0,-7.2,19.0,5.0,-4.0,5.0,4.0,4.0
GW,8.0,-1.7,-4.5,-4.1,1.4,-0.08,7.0,3.0,1.0,5.0,-4.0,184.0,2.0,4.0,6.0,-6.3,2.0,2.0,0.0,1.0,12.0,23.0,21.0,57.0,33.0,32.0,15.0,46.0,33.0,1.0,0.0,-0.15,5.13,8.0,-0.1,-0.11,4.0,0.136,0.0,1.0,-1.3,13.0,1.0,1.0,94.0,2.0,0.0,1.28,7.2,1.2,10.0,-1.21,-4.77,-4.2,1.0,0.0,2.0,1.0,-7.2,19.0,5.0,-4.0,5.0,4.0,4.0
WH,5.0,-2.8,-2.7,-1.0,-2.1,-0.11,3.0,1.0,3.0,5.0,-0.8,115.0,3.0,4.0,4.0,-4.0,3.0,1.0,5.0,1.0,3.0,21.0,7.0,41.0,36.0,18.0,7.0,17.0,7.0,3.0,1.0,-0.7,3.16,10.0,-0.01,-0.02,3.0,0.232,0.46,3.0,-1.7,6.0,3.0,1.0,69.0,0.0,2.0,1.18,0.0,4.4,9.0,-1.48,-5.71,-1.2,1.0,2.0,0.0,0.0,-9.7,18.0,3.0,-1.0,1.0,0.0,0.0
HW,5.0,-2.8,-2.7,-1.0,-2.1,-0.11,3.0,1.0,3.0,5.0,-0.8,115.0,3.0,4.0,4.0,-4.0,3.0,1.0,5.0,1.0,3.0,21.0,7.0,41.0,36.0,18.0,7.0,17.0,7.0,3.0,1.0,-0.7,3.16,10.0,-0.01,-0.02,3.0,0.232,0.46,3.0,-1.7,6.0,3.0,1.0,69.0,0.0,2.0,1.18,0.0,4.4,9.0,-1.48,-5.71,-1.2,1.0,2.0,0.0,0.0,-9.7,18.0,3.0,-1.0,1.0,0.0,0.0
WI,7.0,-5.0,-4.4,-2.3,-2.2,0.36,5.0,2.0,3.0,8.0,-1.8,61.0,2.0,4.0,5.0,-3.3,4.0,3.0,0.0,0.0,1.0,19.0,14.0,27.0,25.0,8.0,5.0,25.0,12.0,3.0,1.0,-0.23,1.72,11.0,0.03,0.04,2.0,0.357,0.792,4.0,-0.7,12.0,4.0,4.0,93.0,0.0,3.0,1.71,10.4,3.4,6.0,0.25,-0.26,-1.8,4.0,2.0,3.0,4.0,-7.7,28.0,4.0,-1.5,2.0,1.0,1.0
IW,7.0,-5.0,-4.4,-2.3,-2.2,0.36,5.0,2.0,3.0,8.0,-1.8,61.0,2.0,4.0,5.0,-3.3,4.0,3.0,0.0,0.0,1.0,19.0,14.0,27.0,25.0,8.0,5.0,25.0,12.0,3.0,1.0,-0.23,1.72,11.0,0.03,0.04,2.0,0.357,0.792,4.0,-0.7,12.0,4.0,4.0,93.0,0.0,3.0,1.71,10.4,3.4,6.0,0.25,-0.26,-1.8,4.0,2.0,3.0,4.0,-7.7,28.0,4.0,-1.5,2.0,1.0,1.0
WL,5.0,-3.0,-1.8,-0.9,-0.3,0.22,2.0,4.0,1.0,8.0,-0.7,61.0,2.0,2.0,4.0,-1.0,2.0,2.0,5.0,0.0,1.0,18.0,3.0,30.0,29.0,8.0,5.0,22.0,15.0,3.0,1.0,0.13,1.73,11.0,-0.12,-0.15,1.0,0.268,0.843,4.0,-0.8,8.0,2.0,3.0,94.0,1.0,3.0,1.37,14.7,4.5,2.0,-0.14,-0.58,-1.2,2.0,4.0,0.0,1.0,-6.8,15.0,3.0,-0.5,1.0,0.0,1.0
LW,5.0,-3.0,-1.8,-0.9,-0.3,0.22,2.0,4.0,1.0,8.0,-0.7,61.0,2.0,2.0,4.0,-1.0,2.0,2.0,5.0,0.0,1.0,18.0,3.0,30.0,29.0,8.0,5.0,22.0,15.0,3.0,1.0,0.13,1.73,11.0,-0.12,-0.15,1.0,0.268,0.843,4.0,-0.8,8.0,2.0,3.0,94.0,1.0,3.0,1.37,14.7,4.5,2.0,-0.14,-0.58,-1.2,2.0,4.0,0.0,1.0,-6.8,15.0,3.0,-0.5,1.0,0.0,1.0
WK,5.0,-1.4,-3.7,-3.6,-3.0,-0.22,3.0,1.0,2.0,0.0,-3.5,110.0,2.0,4.0,6.0,-5.4,3.0,3.0,0.0,1.0,19.0,21.0,31.0,23.0,14.0,11.0,21.0,43.0,15.0,1.0,0.0,-0.92,3.11,7.0,0.02,0.02,3.0,0.436,0.111,1.0,-1.1,10.0,8.0,7.0,33.0,2.0,1.0,1.11,7.79,1.7,7.0,-1.94,-5.45,3.0,5.0,3.0,2.0,0.0,-9.5,30.0,8.0,-5.5,5.0,3.0,3.0
KW,5.0,-1.4,-3.7,-3.6,-3.0,-0.22,3.0,1.0,2.0,0.0,-3.5,110.0,2.0,4.0,6.0,-5.4,3.0,3.0,0.0,1.0,19.0,21.0,31.0,23.0,14.0,11.0,21.0,43.0,15.0,1.0,0.0,-0.92,3.11,7.0,0.02,0.02,3.0,0.436,0.111,1.0,-1.1,10.0,8.0,7.0,33.0,2.0,1.0,1.11,7.79,1.7,7.0,-1.94,-5.45,3.0,5.0,3.0,2.0,0.0,-9.5,30.0,8.0,-5.5,5.0,3.0,3.0
WM,7.0,-4.4,-2.8,-1.3,-2.0,0.16,4.0,3.0,2.0,7.0,-1.0,67.0,2.0,2.0,3.0,-0.9,3.0,2.0,6.6,0.0,9.0,20.0,14.0,12.0,21.0,15.0,4.0,11.0,20.0,1.0,1.0,0.04,1.89,10.0,-0.19,-0.19,2.0,-0.075,0.785,4.0,-1.3,12.0,2.0,2.0,91.0,2.0,3.0,1.35,18.5,4.2,4.0,0.87,4.28,-0.6,1.0,0.0,3.0,3.0,-7.2,8.0,4.0,-0.5,4.0,2.0,0.0
MW,7.0,-4.4,-2.8,-1.3,-2.0,0.16,4.0,3.0,2.0,7.0,-1.0,67.0,2.0,2.0,3.0,-0.9,3.0,2.0,6.6,0.0,9.0,20.0,14.0,12.0,21.0,15.0,4.0,11.0,20.0,1.0,1.0,0.04,1.89,10.0,-0.19,-0.19,2.0,-0.075,0.785,4.0,-1.3,12.0,2.0,2.0,91.0,2.0,3.0,1.35,18.5,4.2,4.0,0.87,4.28,-0.6,1.0,0.0,3.0,3.0,-7.2,8.0,4.0,-0.5,4.0,2.0,0.0
WF,1.0,-1.6,0.5,3.0,0.0,0.41,0.0,3.0,2.0,9.0,3.6,40.0,1.0,1.0,0.0,3.4,1.0,3.0,9.0,0.0,10.0,11.0,36.0,4.0,32.0,3.0,10.0,19.0,16.0,6.0,3.0,0.25,1.11,11.0,0.15,0.18,2.0,0.451,0.907,6.0,-0.9,8.0,5.0,4.0,89.0,2.0,1.0,1.31,19.3,8.8,9.0,2.29,6.49,3.7,3.0,11.0,4.0,5.0,-6.9,14.0,0.0,3.5,3.0,3.0,3.0
FW,1.0,-1.6,0.5,3.0,0.0,0.41,0.0,3.0,2.0,9.0,3.6,40.0,1.0,1.0,0.0,3.4,1.0,3.0,9.0,0.0,10.0,11.0,36.0,4.0,32.0,3.0,10.0,19.0,16.0,6.0,3.0,0.25,1.11,11.0,0.15,0.18,2.0,0.451,0.907,6.0,-0.9,8.0,5.0,4.0,89.0,2.0,1.0,1.31,19.3,8.8,9.0,2.29,6.49,3.7,3.0,11.0,4.0,5.0,-6.9,14.0,0.0,3.5,3.0,3.0,3.0
WP,7.0,-4.8,-5.8,-5.2,-1.6,-0.13,6.0,2.0,2.0,7.0,-5.0,147.0,3.0,5.0,7.0,-7.4,4.0,6.0,0.0,1.0,11.0,47.0,29.0,33.0,25.0,32.0,16.0,46.0,28.0,0.0,0.0,-0.71,4.17,6.0,-0.03,-0.02,4.0,-0.118,0.597,3.0,-1.6,9.0,5.0,4.0,87.0,0.0,4.0,1.09,9.85,0.2,5.0,-5.34,-11.46,5.0,5.0,2.0,2.0,2.0,-10.4,38.0,6.0,-4.5,5.0,3.0,3.0
PW,7.0,-4.8,-5.8,-5.2,-1.6,-0.13,6.0,2.0,2.0,7.0,-5.0,147.0,3.0,5.0,7.0,-7.4,4.0,6.0,0.0,1.0,11.0,47.0,29.0,33.0,25.0,32.0,16.0,46.0,28.0,0.0,0.0,-0.71,4.17,6.0,-0.03,-0.02,4.0,-0.118,0.597,3.0,-1.6,9.0,5.0,4.0,87.0,0.0,4.0,1.09,9.85,0.2,5.0,-5.34,-11.46,5.0,5.0,2.0,2.0,2.0,-10.4,38.0,6.0,-4.5,5.0,3.0,3.0
WS,2.0,-2.9,-3.9,-3.4,0.8,-0.17,2.0,2.0,1.0,4.0,-3.3,177.0,4.0,4.0,6.0,-6.2,3.0,3.0,5.0,1.0,7.0,29.0,19.0,45.0,13.0,21.0,11.0,41.0,19.0,3.0,0.0,-0.29,4.38,10.0,0.05,0.07,5.0,-0.023,0.204,1.0,-0.8,18.0,4.0,3.0,92.0,1.0,2.0,1.34,9.7,1.9,7.0,-1.18,-4.44,-2.8,2.0,0.0,1.0,2.0,-7.6,29.0,5.0,-3.0,4.0,3.0,3.0
SW,2.0,-2.9,-3.9,-3.4,0.8,-0.17,2.0,2.0,1.0,4.0,-3.3,177.0,4.0,4.0,6.0,-6.2,3.0,3.0,5.0,1.0,7.0,29.0,19.0,45.0,13.0,21.0,11.0,41.0,19.0,3.0,0.0,-0.29,4.38,10.0,0.05,0.07,5.0,-0.023,0.204,1.0,-0.8,18.0,4.0,3.0,92.0,1.0,2.0,1.34,9.7,1.9,7.0,-1.18,-4.44,-2.8,2.0,0.0,1.0,2.0,-7.6,29.0,5.0,-3.0,4.0,3.0,3.0
WT,6.0,-2.6,-4.5,-3.7,-2.2,-0.12,5.0,1.0,2.0,5.0,-3.5,128.0,3.0,4.0,5.0,-9.3,4.0,4.0,5.0,1.0,14.0,29.0,2.0,39.0,31.0,7.0,18.0,25.0,20.0,2.0,0.0,-0.7,3.5,11.0,0.07,0.12,5.0,0.564,0.471,2.0,-1.0,8.0,2.0,1.0,96.0,1.0,1.0,1.42,17.2,1.7,0.0,-0.57,-3.55,-2.9,0.0,3.0,4.0,0.0,-7.6,19.0,7.0,-4.5,6.0,4.0,2.0
TW,6.0,-2.6,-4.5,-3.7,-2.2,-0.12,5.0,1.0,2.0,5.0,-3.5,128.0,3.0,4.0,5.0,-9.3,4.0,4.0,5.0,1.0,14.0,29.0,2.0,39.0,31.0,7.0,18.0,25.0,20.0,2.0,0.0,-0.7,3.5,11.0,0.07,0.12,5.0,0.564,0.471,2.0,-1.0,8.0,2.0,1.0,96.0,1.0,1.0,1.42,17.2,1.7,0.0,-0.57,-3.55,-2.9,0.0,3.0,4.0,0.0,-7.6,19.0,7.0,-4.5,6.0,4.0,2.0
WW,12.0,14.7,15.7,14.7,7.5,1.0,17.0,6.0,0.0,10.0,14.2,0.0,15.0,16.0,16.0,15.2,15.0,12.0,10.0,2.0,124.0,129.0,170.0,130.0,150.0,115.0,129.0,162.0,133.0,9.0,6.0,1.42,0.0,16.0,1.0,1.0,10.0,1.0,1.0,8.0,2.2,100.0,8.0,6.0,100.0,4.0,7.0,1.22,33.8,19.4,32.0,6.96,18.08,14.9,9.0,5.0,16.0,7.0,-5.0,110.0,11.0,15.0,16.0,14.0,12.0
YA,4.0,-4.0,-3.5,-2.6,-2.4,-0.36,3.0,2.0,2.0,7.0,-2.2,112.0,2.0,3.0,4.0,-4.0,3.0,3.0,0.0,1.0,6.0,4.0,21.0,15.0,10.0,0.0,5.0,19.0,5.0,1.0,0.0,-0.34,3.18,9.0,-0.59,-0.63,3.0,0.683,0.772,4.0,0.2,18.0,2.0,1.0,94.0,0.0,2.0,1.23,15.3,3.0,3.0,-1.25,-4.22,-1.8,0.0,1.0,0.0,0.0,-7.5,19.0,3.0,-3.5,3.0,2.0,2.0
AY,4.0,-4.0,-3.5,-2.6,-2.4,-0.36,3.0,2.0,2.0,7.0,-2.2,112.0,2.0,3.0,4.0,-4.0,3.0,3.0,0.0,1.0,6.0,4.0,21.0,15.0,10.0,0.0,5.0,19.0,5.0,1.0,0.0,-0.34,3.18,9.0,-0.59,-0.63,3.0,0.683,0.772,4.0,0.2,18.0,2.0,1.0,94.0,0.0,2.0,1.23,15.3,3.0,3.0,-1.25,-4.22,-1.8,0.0,1.0,0.0,0.0,-7.5,19.0,3.0,-3.5,3.0,2.0,2.0
YR,6.0,-2.6,-2.7,-2.0,-1.9,-0.03,4.0,1.0,2.0,2.0,-1.8,77.0,1.0,3.0,4.0,-2.1,2.0,1.0,5.0,1.0,3.0,3.0,10.0,3.0,13.0,7.0,1.0,8.0,5.0,2.0,0.0,-0.31,2.02,7.0,-0.01,-0.01,1.0,0.201,0.266,0.0,0.8,0.0,1.0,3.0,19.0,1.0,1.0,1.25,13.8,3.4,1.0,-0.75,-1.01,-0.9,2.0,3.0,2.0,3.0,-8.4,15.0,6.0,-5.5,3.0,2.0,2.0
RY,6.0,-2.6,-2.7,-2.0,-1.9,-0.03,4.0,1.0,2.0,2.0,-1.8,77.0,1.0,3.0,4.0,-2.1,2.0,1.0,5.0,1.0,3.0,3.0,10.0,3.0,13.0,7.0,1.0,8.0,5.0,2.0,0.0,-0.31,2.02,7.0,-0.01,-0.01,1.0,0.201,0.266,0.0,0.8,0.0,1.0,3.0,19.0,1.0,1.0,1.25,13.8,3.4,1.0,-0.75,-1.01,-0.9,2.0,3.0,2.0,3.0,-8.4,15.0,6.0,-5.5,3.0,2.0,2.0
YN,2.0,-0.9,-1.2,-1.4,2.5,-0.27,2.0,3.0,1.0,6.0,-1.4,143.0,2.0,3.0,4.0,-1.3,1.0,1.0,0.0,1.0,4.0,0.0,10.0,4.0,2.0,13.0,2.0,7.0,4.0,2.0,0.0,0.12,3.42,8.0,0.04,0.05,1.0,0.387,0.338,2.0,-0.1,13.0,3.0,4.0,66.0,0.0,2.0,1.08,20.1,3.8,1.0,-0.36,-0.93,-0.8,2.0,3.0,0.0,0.0,-7.0,19.0,2.0,0.0,2.0,1.0,2.0
NY,2.0,-0.9,-1.2,-1.4,2.5,-0.27,2.0,3.0,1.0,6.0,-1.4,143.0,2.0,3.0,4.0,-1.3,1.0,1.0,0.0,1.0,4.0,0.0,10.0,4.0,2.0,13.0,2.0,7.0,4.0,2.0,0.0,0.12,3.42,8.0,0.04,0.05,1.0,0.387,0.338,2.0,-0.1,13.0,3.0,4.0,66.0,0.0,2.0,1.08,20.1,3.8,1.0,-0.36,-0.93,-0.8,2.0,3.0,0.0,0.0,-7.0,19.0,2.0,0.0,2.0,1.0,2.0
YD,5.0,-2.3,-3.0,-2.8,2.3,-0.34,4.0,2.0,1.0,3.0,-2.8,160.0,2.0,5.0,6.0,-3.8,2.0,2.0,0.0,1.0,10.0,0.0,14.0,8.0,13.0,7.0,7.0,12.0,5.0,1.0,0.0,0.09,3.95,7.0,-0.19,-0.22,3.0,0.32,0.225,1.0,-0.4,22.0,4.0,5.0,38.0,3.0,0.0,1.12,14.9,2.4,6.0,-1.21,-3.85,-2.9,3.0,0.0,2.0,1.0,-7.2,20.0,4.0,-5.5,5.0,3.0,3.0
DY,5.0,-2.3,-3.0,-2.8,2.3,-0.34,4.0,2.0,1.0,3.0,-2.8,160.0,2.0,5.0,6.0,-3.8,2.0,2.0,0.0,1.0,10.0,0.0,14.0,8.0,13.0,7.0,7.0,12.0,5.0,1.0,0.0,0.09,3.95,7.0,-0.19,-0.22,3.0,0.32,0.225,1.0,-0.4,22.0,4.0,5.0,38.0,3.0,0.0,1.12,14.9,2.4,6.0,-1.21,-3.85,-2.9,3.0,0.0,2.0,1.0,-7.2,20.0,4.0,-5.5,5.0,3.0,3.0
YC,1.0,2.6,0.6,-0.4,2.6,0.21,0.0,3.0,1.0,8.0,-0.5,194.0,3.0,4.0,5.0,-7.7,2.0,3.0,5.0,1.0,3.0,7.0,7.0,8.0,25.0,9.0,0.0,8.0,19.0,1.0,0.0,0.4,2.38,10.0,0.25,0.29,6.0,0.195,0.817,4.0,-1.1,5.0,1.0,0.0,92.0,0.0,2.0,1.22,17.3,4.7,1.0,0.13,-0.44,-0.3,0.0,0.0,4.0,1.0,-10.6,18.0,1.0,0.5,1.0,0.0,2.0
CY,1.0,2.6,0.6,-0.4,2.6,0.21,0.0,3.0,1.0,8.0,-0.5,194.0,3.0,4.0,5.0,-7.7,2.0,3.0,5.0,1.0,3.0,7.0,7.0,8.0,25.0,9.0,0.0,8.0,19.0,1.0,0.0,0.4,2.38,10.0,0.25,0.29,6.0,0.195,0.817,4.0,-1.1,5.0,1.0,0.0,92.0,0.0,2.0,1.22,17.3,4.7,1.0,0.13,-0.44,-0.3,0.0,0.0,4.0,1.0,-10.6,18.0,1.0,0.5,1.0,0.0,2.0
YQ,5.0,-1.4,-1.9,-1.8,-0.8,-0.28,4.0,2.0,1.0,6.0,-1.7,99.0,1.0,2.0,3.0,-5.1,2.0,0.0,5.0,1.0,9.0,0.0,12.0,0.0,14.0,9.0,6.0,8.0,4.0,1.0,0.0,-0.02,2.48,8.0,-0.28,-0.32,3.0,0.207,0.55,2.0,0.5,23.0,3.0,4.0,70.0,1.0,2.0,1.11,14.6,3.5,5.0,-0.61,-1.73,-1.5,1.0,2.0,1.0,0.0,-7.3,9.0,0.0,-2.0,4.0,2.0,2.0
QY,5.0,-1.4,-1.9,-1.8,-0.8,-0.28,4.0,2.0,1.0,6.0,-1.7,99.0,1.0,2.0,3.0,-5.1,2.0,0.0,5.0,1.0,9.0,0.0,12.0,0.0,14.0,9.0,6.0,8.0,4.0,1.0,0.0,-0.02,2.48,8.0,-0.28,-0.32,3.0,0.207,0.55,2.0,0.5,23.0,3.0,4.0,70.0,1.0,2.0,1.11,14.6,3.5,5.0,-0.61,-1.73,-1.5,1.0,2.0,1.0,0.0,-7.3,9.0,0.0,-2.0,4.0,2.0,2.0
YE,4.0,-4.1,-4.0,-3.0,-0.9,-0.32,4.0,1.0,2.0,3.0,-2.7,122.0,2.0,3.0,5.0,-3.7,4.0,5.0,0.0,1.0,10.0,3.0,21.0,8.0,13.0,14.0,9.0,16.0,3.0,2.0,0.0,-0.11,3.22,6.0,-0.57,-0.62,2.0,0.273,0.036,1.0,0.2,28.0,1.0,1.0,44.0,4.0,2.0,1.31,12.7,2.5,5.0,-1.64,-4.5,-2.2,2.0,2.0,1.0,1.0,-7.5,21.0,2.0,-5.5,3.0,2.0,3.0
EY,4.0,-4.1,-4.0,-3.0,-0.9,-0.32,4.0,1.0,2.0,3.0,-2.7,122.0,2.0,3.0,5.0,-3.7,4.0,5.0,0.0,1.0,10.0,3.0,21.0,8.0,13.0,14.0,9.0,16.0,3.0,2.0,0.0,-0.11,3.22,6.0,-0.57,-0.62,2.0,0.273,0.036,1.0,0.2,28.0,1.0,1.0,44.0,4.0,2.0,1.31,12.7,2.5,5.0,-1.64,-4.5,-2.2,2.0,2.0,1.0,1.0,-7.5,21.0,2.0,-5.5,3.0,2.0,3.0
YG,6.0,-4.9,-4.8,-4.3,-1.8,-0.24,5.0,2.0,2.0,6.0,-4.0,147.0,3.0,5.0,6.0,-5.4,4.0,5.0,0.0,1.0,16.0,16.0,14.0,17.0,14.0,9.0,16.0,14.0,13.0,0.0,0.0,-0.35,4.08,10.0,0.19,0.2,3.0,0.372,0.0,0.0,-0.2,18.0,2.0,1.0,98.0,2.0,1.0,1.27,13.7,1.2,10.0,-1.62,-4.34,-4.8,1.0,1.0,1.0,0.0,-7.5,29.0,3.0,-3.5,5.0,4.0,4.0
GY,6.0,-4.9,-4.8,-4.3,-1.8,-0.24,5.0,2.0,2.0,6.0,-4.0,147.0,3.0,5.0,6.0,-5.4,4.0,5.0,0.0,1.0,16.0,16.0,14.0,17.0,14.0,9.0,16.0,14.0,13.0,0.0,0.0,-0.35,4.08,10.0,0.19,0.2,3.0,0.372,0.0,0.0,-0.2,18.0,2.0,1.0,98.0,2.0,1.0,1.27,13.7,1.2,10.0,-1.62,-4.34,-4.8,1.0,1.0,1.0,0.0,-7.5,29.0,3.0,-3.5,5.0,4.0,4.0
YH,1.0,4.4,3.7,2.5,2.3,0.08,0.0,3.0,1.0,7.0,2.2,83.0,2.0,3.0,3.0,-0.4,4.0,6.0,6.6,0.0,2.0,5.0,1.0,23.0,18.0,20.0,3.0,4.0,21.0,4.0,2.0,0.35,2.27,9.0,0.13,0.14,0.0,0.083,0.492,3.0,-0.8,12.0,0.0,0.0,77.0,0.0,2.0,1.23,19.4,7.4,1.0,-0.12,1.17,2.9,0.0,3.0,2.0,1.0,-6.8,20.0,3.0,2.5,3.0,2.0,0.0
HY,1.0,4.4,3.7,2.5,2.3,0.08,0.0,3.0,1.0,7.0,2.2,83.0,2.0,3.0,3.0,-0.4,4.0,6.0,6.6,0.0,2.0,5.0,1.0,23.0,18.0,20.0,3.0,4.0,21.0,4.0,2.0,0.35,2.27,9.0,0.13,0.14,0.0,0.083,0.492,3.0,-0.8,12.0,0.0,0.0,77.0,0.0,2.0,1.23,19.4,7.4,1.0,-0.12,1.17,2.9,0.0,3.0,2.0,1.0,-6.8,20.0,3.0,2.5,3.0,2.0,0.0
YI,2.0,-3.3,-2.2,-1.0,-1.6,0.43,1.0,3.0,2.0,9.0,-0.7,33.0,0.0,2.0,3.0,-2.5,2.0,4.0,0.0,0.0,3.0,0.0,14.0,4.0,10.0,16.0,2.0,11.0,15.0,3.0,1.0,-0.35,0.86,10.0,0.13,0.15,1.0,0.333,0.573,4.0,0.4,29.0,2.0,3.0,85.0,0.0,1.0,1.51,17.6,4.5,2.0,0.08,-0.08,0.2,2.0,3.0,0.0,2.0,-7.4,8.0,3.0,-2.5,2.0,1.0,1.0
IY,2.0,-3.3,-2.2,-1.0,-1.6,0.43,1.0,3.0,2.0,9.0,-0.7,33.0,0.0,2.0,3.0,-2.5,2.0,4.0,0.0,0.0,3.0,0.0,14.0,4.0,10.0,16.0,2.0,11.0,15.0,3.0,1.0,-0.35,0.86,10.0,0.13,0.15,1.0,0.333,0.573,4.0,0.4,29.0,2.0,3.0,85.0,0.0,1.0,1.51,17.6,4.5,2.0,0.08,-0.08,0.2,2.0,3.0,0.0,2.0,-7.4,8.0,3.0,-2.5,2.0,1.0,1.0
YL,3.0,-1.6,-0.7,-0.1,-1.6,0.17,1.0,3.0,2.0,9.0,0.0,36.0,0.0,2.0,2.0,-2.4,1.0,3.0,0.0,0.0,2.0,2.0,13.0,5.0,1.0,12.0,0.0,12.0,7.0,3.0,1.0,-0.27,0.94,9.0,-0.46,-0.48,2.0,0.246,0.625,4.0,0.5,16.0,0.0,2.0,87.0,0.0,1.0,1.41,17.9,5.2,4.0,0.7,1.81,0.8,1.0,3.0,0.0,0.0,-6.6,2.0,2.0,-1.5,1.0,0.0,1.0
LY,3.0,-1.6,-0.7,-0.1,-1.6,0.17,1.0,3.0,2.0,9.0,0.0,36.0,0.0,2.0,2.0,-2.4,1.0,3.0,0.0,0.0,2.0,2.0,13.0,5.0,1.0,12.0,0.0,12.0,7.0,3.0,1.0,-0.27,0.94,9.0,-0.46,-0.48,2.0,0.246,0.625,4.0,0.5,16.0,0.0,2.0,87.0,0.0,1.0,1.41,17.9,5.2,4.0,0.7,1.81,0.8,1.0,3.0,0.0,0.0,-6.6,2.0,2.0,-1.5,1.0,0.0,1.0
YK,6.0,-4.0,-3.6,-2.4,-0.8,-0.2,4.0,1.0,2.0,2.0,-2.1,85.0,1.0,3.0,4.0,-3.7,3.0,1.0,0.0,1.0,16.0,1.0,25.0,13.0,14.0,11.0,12.0,20.0,5.0,1.0,0.0,-0.12,2.42,7.0,-0.43,-0.48,2.0,0.436,0.182,1.0,0.5,21.0,3.0,4.0,41.0,2.0,0.0,1.18,14.7,3.1,5.0,-1.72,-4.03,-1.5,3.0,0.0,0.0,0.0,-7.3,17.0,4.0,-3.5,3.0,2.0,3.0
KY,6.0,-4.0,-3.6,-2.4,-0.8,-0.2,4.0,1.0,2.0,2.0,-2.1,85.0,1.0,3.0,4.0,-3.7,3.0,1.0,0.0,1.0,16.0,1.0,25.0,13.0,14.0,11.0,12.0,20.0,5.0,1.0,0.0,-0.12,2.42,7.0,-0.43,-0.48,2.0,0.436,0.182,1.0,0.5,21.0,3.0,4.0,41.0,2.0,0.0,1.18,14.7,3.1,5.0,-1.72,-4.03,-1.5,3.0,0.0,0.0,0.0,-7.3,17.0,4.0,-3.5,3.0,2.0,3.0
YM,4.0,-3.6,-1.8,-0.5,-2.9,0.07,2.0,2.0,3.0,8.0,-0.2,36.0,0.0,1.0,3.0,-1.3,2.0,3.0,0.0,0.0,4.0,1.0,19.0,2.0,4.0,2.0,3.0,12.0,3.0,2.0,1.0,-0.56,0.93,8.0,-0.31,-0.33,1.0,-0.057,0.764,4.0,-0.2,8.0,1.0,2.0,83.0,0.0,1.0,1.23,20.0,5.0,3.0,-0.41,-4.95,0.5,1.0,4.0,1.0,1.0,-7.9,9.0,2.0,-1.5,2.0,1.0,0.0
MY,4.0,-3.6,-1.8,-0.5,-2.9,0.07,2.0,2.0,3.0,8.0,-0.2,36.0,0.0,1.0,3.0,-1.3,2.0,3.0,0.0,0.0,4.0,1.0,19.0,2.0,4.0,2.0,3.0,12.0,3.0,2.0,1.0,-0.56,0.93,8.0,-0.31,-0.33,1.0,-0.057,0.764,4.0,-0.2,8.0,1.0,2.0,83.0,0.0,1.0,1.23,20.0,5.0,3.0,-0.41,-4.95,0.5,1.0,4.0,1.0,1.0,-7.9,9.0,2.0,-1.5,2.0,1.0,0.0
YF,4.0,5.6,5.9,5.3,2.0,0.54,7.0,5.0,1.0,10.0,5.1,22.0,3.0,4.0,4.0,3.4,5.0,2.0,9.0,1.0,22.0,21.0,40.0,25.0,24.0,16.0,22.0,33.0,20.0,6.0,3.0,0.14,0.48,10.0,0.24,0.29,3.0,0.428,0.743,4.0,2.0,24.0,3.0,3.0,81.0,1.0,0.0,1.34,22.6,10.3,8.0,1.96,5.38,5.2,2.0,0.0,7.0,5.0,-6.0,37.0,4.0,5.0,6.0,5.0,3.0
FY,4.0,5.6,5.9,5.3,2.0,0.54,7.0,5.0,1.0,10.0,5.1,22.0,3.0,4.0,4.0,3.4,5.0,2.0,9.0,1.0,22.0,21.0,40.0,25.0,24.0,16.0,22.0,33.0,20.0,6.0,3.0,0.14,0.48,10.0,0.24,0.29,3.0,0.428,0.743,4.0,2.0,24.0,3.0,3.0,81.0,1.0,0.0,1.34,22.6,10.3,8.0,1.96,5.38,5.2,2.0,0.0,7.0,5.0,-6.0,37.0,4.0,5.0,6.0,5.0,3.0
YP,6.0,-3.8,-3.5,-3.4,-2.3,-0.23,5.0,2.0,2.0,9.0,-3.1,110.0,3.0,4.0,6.0,-7.0,3.0,5.0,0.0,1.0,17.0,20.0,17.0,3.0,3.0,7.0,16.0,10.0,1.0,0.0,0.0,-0.2,3.12,8.0,-0.13,-0.15,6.0,-0.054,0.632,3.0,-1.2,9.0,5.0,4.0,94.0,1.0,2.0,1.29,6.99,2.1,8.0,-1.98,-7.41,-3.3,3.0,3.0,0.0,1.0,-8.1,28.0,5.0,-5.5,6.0,4.0,3.0
PY,6.0,-3.8,-3.5,-3.4,-2.3,-0.23,5.0,2.0,2.0,9.0,-3.1,110.0,3.0,4.0,6.0,-7.0,3.0,5.0,0.0,1.0,17.0,20.0,17.0,3.0,3.0,7.0,16.0,10.0,1.0,0.0,0.0,-0.2,3.12,8.0,-0.13,-0.15,6.0,-0.054,0.632,3.0,-1.2,9.0,5.0,4.0,94.0,1.0,2.0,1.29,6.99,2.1,8.0,-1.98,-7.41,-3.3,3.0,3.0,0.0,1.0,-8.1,28.0,5.0,-5.5,6.0,4.0,3.0
YS,3.0,-1.8,-1.9,-1.9,0.3,-0.21,3.0,3.0,1.0,6.0,-1.9,144.0,2.0,3.0,3.0,-3.4,1.0,0.0,6.6,1.0,6.0,6.0,16.0,10.0,7.0,3.0,5.0,14.0,3.0,3.0,0.0,-0.04,3.33,11.0,0.34,0.36,2.0,-0.093,0.307,2.0,0.4,16.0,1.0,1.0,99.0,1.0,1.0,1.41,14.4,3.3,1.0,-1.56,-4.17,-0.9,1.0,2.0,0.0,0.0,-7.3,19.0,2.0,-2.0,2.0,1.0,2.0
SY,3.0,-1.8,-1.9,-1.9,0.3,-0.21,3.0,3.0,1.0,6.0,-1.9,144.0,2.0,3.0,3.0,-3.4,1.0,0.0,6.6,1.0,6.0,6.0,16.0,10.0,7.0,3.0,5.0,14.0,3.0,3.0,0.0,-0.04,3.33,11.0,0.34,0.36,2.0,-0.093,0.307,2.0,0.4,16.0,1.0,1.0,99.0,1.0,1.0,1.41,14.4,3.3,1.0,-1.56,-4.17,-0.9,1.0,2.0,0.0,0.0,-7.3,19.0,2.0,-2.0,2.0,1.0,2.0
YT,3.0,-3.4,-3.0,-2.1,-2.1,-0.14,3.0,2.0,2.0,7.0,-1.9,92.0,1.0,2.0,3.0,-2.7,3.0,3.0,9.0,1.0,9.0,8.0,15.0,9.0,16.0,1.0,9.0,13.0,8.0,1.0,0.0,-0.27,2.45,11.0,0.46,0.52,2.0,0.0,0.54,3.0,0.3,2.0,0.0,0.0,97.0,1.0,1.0,1.46,17.7,3.3,3.0,-0.41,-2.92,-0.8,0.0,1.0,1.0,0.0,-6.8,17.0,3.0,-2.5,3.0,2.0,2.0
TY,3.0,-3.4,-3.0,-2.1,-2.1,-0.14,3.0,2.0,2.0,7.0,-1.9,92.0,1.0,2.0,3.0,-2.7,3.0,3.0,9.0,1.0,9.0,8.0,15.0,9.0,16.0,1.0,9.0,13.0,8.0,1.0,0.0,-0.27,2.45,11.0,0.46,0.52,2.0,0.0,0.54,3.0,0.3,2.0,0.0,0.0,97.0,1.0,1.0,1.46,17.7,3.3,3.0,-0.41,-2.92,-0.8,0.0,1.0,1.0,0.0,-6.8,17.0,3.0,-2.5,3.0,2.0,2.0
YW,1.0,-0.3,1.5,3.6,-0.5,0.43,0.0,3.0,2.0,8.0,4.1,37.0,3.0,3.0,3.0,2.3,0.0,2.0,5.0,0.0,29.0,44.0,47.0,31.0,11.0,15.0,35.0,36.0,13.0,6.0,2.0,0.0,1.06,11.0,0.06,0.11,2.0,0.293,0.802,5.0,-0.6,6.0,2.0,2.0,93.0,1.0,1.0,1.29,19.5,9.3,0.0,2.15,6.79,4.9,2.0,12.0,8.0,4.0,-6.5,22.0,1.0,2.0,4.0,4.0,3.0
WY,1.0,-0.3,1.5,3.6,-0.5,0.43,0.0,3.0,2.0,8.0,4.1,37.0,3.0,3.0,3.0,2.3,0.0,2.0,5.0,0.0,29.0,44.0,47.0,31.0,11.0,15.0,35.0,36.0,13.0,6.0,2.0,0.0,1.06,11.0,0.06,0.11,2.0,0.293,0.802,5.0,-0.6,6.0,2.0,2.0,93.0,1.0,1.0,1.29,19.5,9.3,0.0,2.15,6.79,4.9,2.0,12.0,8.0,4.0,-6.5,22.0,1.0,2.0,4.0,4.0,3.0
YY,8.0,9.5,9.0,8.1,6.5,1.0,10.0,6.0,0.0,10.0,7.8,0.0,8.0,10.0,11.0,10.5,9.0,10.0,10.0,2.0,64.0,26.0,105.0,68.0,56.0,37.0,59.0,97.0,47.0,9.0,6.0,0.84,0.0,16.0,1.0,1.0,7.0,1.0,1.0,8.0,2.2,100.0,4.0,3.0,100.0,4.0,3.0,1.31,29.2,13.0,19.0,3.95,10.92,8.1,3.0,4.0,3.0,1.0,-4.7,69.0,11.0,11.0,10.0,8.0,8.0
VA,0.0,0.7,0.4,0.1,1.0,0.06,0.0,5.0,1.0,8.0,0.1,64.0,0.0,0.0,1.0,-0.5,1.0,0.0,0.0,0.0,3.0,0.0,5.0,1.0,2.0,7.0,2.0,6.0,5.0,3.0,0.0,-0.06,1.85,9.0,-0.23,-0.25,0.0,0.565,0.85,5.0,2.0,12.0,5.0,4.0,94.0,1.0,1.0,1.05,16.7,5.3,0.0,0.02,0.16,1.9,2.0,1.0,1.0,0.0,-5.9,6.0,1.0,1.5,0.0,0.0,1.0
AV,0.0,0.7,0.4,0.1,1.0,0.06,0.0,5.0,1.0,8.0,0.1,64.0,0.0,0.0,1.0,-0.5,1.0,0.0,0.0,0.0,3.0,0.0,5.0,1.0,2.0,7.0,2.0,6.0,5.0,3.0,0.0,-0.06,1.85,9.0,-0.23,-0.25,0.0,0.565,0.85,5.0,2.0,12.0,5.0,4.0,94.0,1.0,1.0,1.05,16.7,5.3,0.0,0.02,0.16,1.9,2.0,1.0,1.0,0.0,-5.9,6.0,1.0,1.5,0.0,0.0,1.0
VR,3.0,-3.7,-2.9,-2.2,-2.1,-0.29,2.0,2.0,2.0,3.0,-2.0,96.0,2.0,4.0,4.0,-4.9,3.0,2.0,0.0,1.0,3.0,3.0,3.0,3.0,4.0,11.0,4.0,6.0,7.0,2.0,0.0,-0.54,2.43,5.0,-0.03,-0.04,3.0,0.531,0.045,0.0,1.5,18.0,11.0,10.0,7.0,2.0,1.0,1.08,14.4,3.2,4.0,-1.52,-3.8,-2.8,6.0,4.0,1.0,0.0,-7.4,32.0,7.0,-6.0,4.0,2.0,3.0
RV,3.0,-3.7,-2.9,-2.2,-2.1,-0.29,2.0,2.0,2.0,3.0,-2.0,96.0,2.0,4.0,4.0,-4.9,3.0,2.0,0.0,1.0,3.0,3.0,3.0,3.0,4.0,11.0,4.0,6.0,7.0,2.0,0.0,-0.54,2.43,5.0,-0.03,-0.04,3.0,0.531,0.045,0.0,1.5,18.0,11.0,10.0,7.0,2.0,1.0,1.08,14.4,3.2,4.0,-1.52,-3.8,-2.8,6.0,4.0,1.0,0.0,-7.4,32.0,7.0,-6.0,4.0,2.0,3.0
VN,3.0,-2.4,-2.3,-2.2,-2.2,-0.46,2.0,2.0,2.0,7.0,-2.2,133.0,3.0,4.0,5.0,-5.7,2.0,3.0,0.0,1.0,3.0,3.0,6.0,1.0,9.0,17.0,4.0,8.0,12.0,1.0,0.0,-0.69,2.76,5.0,-0.15,-0.16,4.0,0.512,-0.203,0.0,1.1,30.0,11.0,11.0,54.0,1.0,2.0,1.05,14.8,3.0,4.0,-2.17,-5.65,-0.9,8.0,1.0,3.0,0.0,-7.2,31.0,3.0,-4.5,4.0,2.0,4.0
NV,3.0,-2.4,-2.3,-2.2,-2.2,-0.46,2.0,2.0,2.0,7.0,-2.2,133.0,3.0,4.0,5.0,-5.7,2.0,3.0,0.0,1.0,3.0,3.0,6.0,1.0,9.0,17.0,4.0,8.0,12.0,1.0,0.0,-0.69,2.76,5.0,-0.15,-0.16,4.0,0.512,-0.203,0.0,1.1,30.0,11.0,11.0,54.0,1.0,2.0,1.05,14.8,3.0,4.0,-2.17,-5.65,-0.9,8.0,1.0,3.0,0.0,-7.2,31.0,3.0,-4.5,4.0,2.0,4.0
VD,3.0,-3.3,-3.0,-2.9,1.0,-0.48,2.0,3.0,1.0,4.0,-2.9,152.0,3.0,5.0,6.0,-5.2,2.0,3.0,0.0,1.0,7.0,4.0,4.0,15.0,13.0,30.0,7.0,9.0,18.0,1.0,0.0,-0.39,3.4,3.0,-0.22,-0.25,4.0,0.149,-0.196,0.0,0.0,32.0,13.0,12.0,26.0,3.0,0.0,0.99,15.1,2.3,10.0,-2.02,-6.1,-2.5,9.0,2.0,3.0,1.0,-7.1,31.0,5.0,-6.0,4.0,3.0,5.0
DV,3.0,-3.3,-3.0,-2.9,1.0,-0.48,2.0,3.0,1.0,4.0,-2.9,152.0,3.0,5.0,6.0,-5.2,2.0,3.0,0.0,1.0,7.0,4.0,4.0,15.0,13.0,30.0,7.0,9.0,18.0,1.0,0.0,-0.39,3.4,3.0,-0.22,-0.25,4.0,0.149,-0.196,0.0,0.0,32.0,13.0,12.0,26.0,3.0,0.0,0.99,15.1,2.3,10.0,-2.02,-6.1,-2.5,9.0,2.0,3.0,1.0,-7.1,31.0,5.0,-6.0,4.0,3.0,5.0
VC,2.0,-3.1,-1.7,-0.2,-2.2,0.33,2.0,2.0,1.0,9.0,0.0,192.0,1.0,1.0,2.0,-4.8,2.0,0.0,0.0,0.0,7.0,12.0,5.0,1.0,11.0,28.0,8.0,3.0,27.0,1.0,0.0,-0.19,0.86,8.0,-0.1,-0.1,4.0,0.427,0.755,5.0,-1.4,8.0,3.0,5.0,96.0,0.0,1.0,0.91,21.4,5.2,0.0,0.34,1.32,0.7,4.0,7.0,2.0,5.0,-8.1,6.0,2.0,1.0,1.0,1.0,0.0
CV,2.0,-3.1,-1.7,-0.2,-2.2,0.33,2.0,2.0,1.0,9.0,0.0,192.0,1.0,1.0,2.0,-4.8,2.0,0.0,0.0,0.0,7.0,12.0,5.0,1.0,11.0,28.0,8.0,3.0,27.0,1.0,0.0,-0.19,0.86,8.0,-0.1,-0.1,4.0,0.427,0.755,5.0,-1.4,8.0,3.0,5.0,96.0,0.0,1.0,0.91,21.4,5.2,0.0,0.34,1.32,0.7,4.0,7.0,2.0,5.0,-8.1,6.0,2.0,1.0,1.0,1.0,0.0
VQ,3.0,-3.5,-2.4,-1.7,-2.0,-0.38,2.0,2.0,2.0,7.0,-1.5,96.0,3.0,3.0,4.0,-3.6,3.0,4.0,0.0,1.0,2.0,3.0,5.0,2.0,8.0,15.0,3.0,7.0,11.0,2.0,0.0,-0.68,2.13,6.0,-0.03,-0.04,2.0,0.334,0.458,3.0,1.5,12.0,12.0,12.0,58.0,1.0,1.0,1.03,15.2,3.7,2.0,-1.38,-4.97,-1.5,8.0,2.0,1.0,0.0,-7.5,19.0,3.0,-3.5,3.0,2.0,3.0
QV,3.0,-3.5,-2.4,-1.7,-2.0,-0.38,2.0,2.0,2.0,7.0,-1.5,96.0,3.0,3.0,4.0,-3.6,3.0,4.0,0.0,1.0,2.0,3.0,5.0,2.0,8.0,15.0,3.0,7.0,11.0,2.0,0.0,-0.68,2.13,6.0,-0.03,-0.04,2.0,0.334,0.458,3.0,1.5,12.0,12.0,12.0,58.0,1.0,1.0,1.03,15.2,3.7,2.0,-1.38,-4.97,-1.5,8.0,2.0,1.0,0.0,-7.5,19.0,3.0,-3.5,3.0,2.0,3.0
VE,3.0,-3.0,-2.7,-2.1,1.3,-0.44,2.0,4.0,1.0,4.0,-1.9,121.0,3.0,4.0,4.0,-4.2,2.0,2.0,0.0,1.0,2.0,4.0,6.0,3.0,8.0,24.0,3.0,8.0,12.0,2.0,0.0,-0.42,2.97,4.0,-0.09,-0.09,2.0,0.444,-0.186,0.0,1.6,20.0,12.0,11.0,33.0,4.0,2.0,1.08,15.1,3.3,6.0,-1.84,-4.23,-1.3,9.0,3.0,2.0,2.0,-7.3,28.0,5.0,-6.5,3.0,2.0,4.0
EV,3.0,-3.0,-2.7,-2.1,1.3,-0.44,2.0,4.0,1.0,4.0,-1.9,121.0,3.0,4.0,4.0,-4.2,2.0,2.0,0.0,1.0,2.0,4.0,6.0,3.0,8.0,24.0,3.0,8.0,12.0,2.0,0.0,-0.42,2.97,4.0,-0.09,-0.09,2.0,0.444,-0.186,0.0,1.6,20.0,12.0,11.0,33.0,4.0,2.0,1.08,15.1,3.3,6.0,-1.84,-4.23,-1.3,9.0,3.0,2.0,2.0,-7.3,28.0,5.0,-6.5,3.0,2.0,4.0
VG,2.0,-2.3,-2.5,-3.1,1.1,-0.12,1.0,4.0,1.0,8.0,-3.3,109.0,3.0,5.0,6.0,-5.6,2.0,1.0,0.0,1.0,12.0,20.0,5.0,10.0,14.0,9.0,14.0,9.0,12.0,2.0,0.0,-0.15,2.76,6.0,-0.24,-0.25,4.0,0.639,0.0,2.0,0.1,14.0,8.0,7.0,90.0,2.0,1.0,1.09,14.5,1.9,5.0,-1.96,-5.32,-1.4,5.0,3.0,2.0,1.0,-7.3,30.0,2.0,-2.5,5.0,3.0,5.0
GV,2.0,-2.3,-2.5,-3.1,1.1,-0.12,1.0,4.0,1.0,8.0,-3.3,109.0,3.0,5.0,6.0,-5.6,2.0,1.0,0.0,1.0,12.0,20.0,5.0,10.0,14.0,9.0,14.0,9.0,12.0,2.0,0.0,-0.15,2.76,6.0,-0.24,-0.25,4.0,0.639,0.0,2.0,0.1,14.0,8.0,7.0,90.0,2.0,1.0,1.09,14.5,1.9,5.0,-1.96,-5.32,-1.4,5.0,3.0,2.0,1.0,-7.3,30.0,2.0,-2.5,5.0,3.0,5.0
VH,3.0,-3.8,-3.0,-2.1,-2.1,-0.18,2.0,1.0,2.0,8.0,-2.0,84.0,3.0,5.0,5.0,-3.9,3.0,4.0,0.0,1.0,9.0,6.0,8.0,27.0,19.0,19.0,9.0,14.0,18.0,2.0,0.0,-0.59,2.11,9.0,-0.11,-0.13,2.0,0.534,0.284,2.0,-0.7,10.0,4.0,3.0,65.0,1.0,2.0,1.13,12.9,3.2,6.0,-0.35,-1.63,-2.5,2.0,0.0,3.0,1.0,-7.5,29.0,5.0,-4.5,3.0,2.0,3.0
HV,3.0,-3.8,-3.0,-2.1,-2.1,-0.18,2.0,1.0,2.0,8.0,-2.0,84.0,3.0,5.0,5.0,-3.9,3.0,4.0,0.0,1.0,9.0,6.0,8.0,27.0,19.0,19.0,9.0,14.0,18.0,2.0,0.0,-0.59,2.11,9.0,-0.11,-0.13,2.0,0.534,0.284,2.0,-0.7,10.0,4.0,3.0,65.0,1.0,2.0,1.13,12.9,3.2,6.0,-0.35,-1.63,-2.5,2.0,0.0,3.0,1.0,-7.5,29.0,5.0,-4.5,3.0,2.0,3.0
VI,3.0,3.9,3.6,3.2,1.0,0.7,4.0,5.0,1.0,10.0,3.1,29.0,3.0,4.0,4.0,3.9,4.0,2.0,9.0,1.0,24.0,17.0,18.0,5.0,11.0,11.0,24.0,13.0,11.0,5.0,2.0,0.41,0.85,12.0,0.67,0.72,2.0,0.641,0.946,6.0,2.2,46.0,9.0,11.0,97.0,2.0,1.0,1.42,22.2,8.3,8.0,1.94,5.23,4.5,9.0,4.0,7.0,5.0,-5.7,35.0,3.0,4.5,4.0,3.0,3.0
IV,3.0,3.9,3.6,3.2,1.0,0.7,4.0,5.0,1.0,10.0,3.1,29.0,3.0,4.0,4.0,3.9,4.0,2.0,9.0,1.0,24.0,17.0,18.0,5.0,11.0,11.0,24.0,13.0,11.0,5.0,2.0,0.41,0.85,12.0,0.67,0.72,2.0,0.641,0.946,6.0,2.2,46.0,9.0,11.0,97.0,2.0,1.0,1.42,22.2,8.3,8.0,1.94,5.23,4.5,9.0,4.0,7.0,5.0,-5.7,35.0,3.0,4.5,4.0,3.0,3.0
VL,1.0,1.9,2.0,1.9,1.1,0.49,2.0,5.0,1.0,10.0,1.8,32.0,1.0,1.0,1.0,1.8,2.0,0.0,0.0,1.0,13.0,8.0,1.0,6.0,8.0,9.0,14.0,4.0,8.0,5.0,1.0,0.41,0.91,10.0,0.23,0.25,1.0,0.598,0.973,6.0,2.0,26.0,5.0,6.0,99.0,1.0,0.0,1.35,18.9,7.0,6.0,0.81,2.28,3.4,5.0,6.0,3.0,4.0,-5.8,18.0,1.0,2.5,2.0,2.0,1.0
LV,1.0,1.9,2.0,1.9,1.1,0.49,2.0,5.0,1.0,10.0,1.8,32.0,1.0,1.0,1.0,1.8,2.0,0.0,0.0,1.0,13.0,8.0,1.0,6.0,8.0,9.0,14.0,4.0,8.0,5.0,1.0,0.41,0.91,10.0,0.23,0.25,1.0,0.598,0.973,6.0,2.0,26.0,5.0,6.0,99.0,1.0,0.0,1.35,18.9,7.0,6.0,0.81,2.28,3.4,5.0,6.0,3.0,4.0,-5.8,18.0,1.0,2.5,2.0,2.0,1.0
VK,4.0,-3.8,-2.7,-1.9,-2.1,-0.36,2.0,3.0,2.0,3.0,-1.7,97.0,2.0,3.0,4.0,-3.7,3.0,4.0,0.0,1.0,9.0,4.0,11.0,4.0,8.0,12.0,9.0,13.0,10.0,2.0,0.0,-0.79,2.7,5.0,-0.13,-0.16,3.0,0.249,0.024,0.0,1.2,14.0,14.0,13.0,29.0,3.0,1.0,1.06,13.5,3.5,6.0,-1.27,-3.57,1.0,8.0,0.0,2.0,0.0,-6.7,23.0,8.0,-7.0,3.0,2.0,3.0
KV,4.0,-3.8,-2.7,-1.9,-2.1,-0.36,2.0,3.0,2.0,3.0,-1.7,97.0,2.0,3.0,4.0,-3.7,3.0,4.0,0.0,1.0,9.0,4.0,11.0,4.0,8.0,12.0,9.0,13.0,10.0,2.0,0.0,-0.79,2.7,5.0,-0.13,-0.16,3.0,0.249,0.024,0.0,1.2,14.0,14.0,13.0,29.0,3.0,1.0,1.06,13.5,3.5,6.0,-1.27,-3.57,1.0,8.0,0.0,2.0,0.0,-6.7,23.0,8.0,-7.0,3.0,2.0,3.0
VM,1.0,3.3,2.5,1.8,1.0,0.23,2.0,4.0,1.0,10.0,1.6,21.0,1.0,1.0,1.0,0.7,2.0,1.0,0.0,0.0,14.0,12.0,7.0,3.0,7.0,5.0,15.0,6.0,2.0,4.0,1.0,0.41,0.62,9.0,0.08,0.11,0.0,0.278,0.874,6.0,0.8,10.0,0.0,1.0,95.0,1.0,0.0,1.22,19.1,6.8,6.0,0.61,1.18,1.7,2.0,3.0,3.0,1.0,-7.2,10.0,1.0,2.5,1.0,2.0,1.0
MV,1.0,3.3,2.5,1.8,1.0,0.23,2.0,4.0,1.0,10.0,1.6,21.0,1.0,1.0,1.0,0.7,2.0,1.0,0.0,0.0,14.0,12.0,7.0,3.0,7.0,5.0,15.0,6.0,2.0,4.0,1.0,0.41,0.62,9.0,0.08,0.11,0.0,0.278,0.874,6.0,0.8,10.0,0.0,1.0,95.0,1.0,0.0,1.22,19.1,6.8,6.0,0.61,1.18,1.7,2.0,3.0,3.0,1.0,-7.2,10.0,1.0,2.5,1.0,2.0,1.0
VF,3.0,-0.5,-0.1,0.1,1.0,0.47,1.0,4.0,1.0,8.0,0.1,50.0,0.0,1.0,2.0,-1.3,0.0,1.0,0.0,0.0,0.0,9.0,11.0,9.0,3.0,13.0,2.0,9.0,9.0,3.0,1.0,0.36,1.43,11.0,0.13,0.16,1.0,0.626,0.909,5.0,0.8,16.0,5.0,7.0,93.0,0.0,1.0,1.51,17.2,5.3,1.0,0.51,0.52,0.9,5.0,5.0,3.0,3.0,-7.1,0.0,1.0,1.0,1.0,0.0,0.0
FV,3.0,-0.5,-0.1,0.1,1.0,0.47,1.0,4.0,1.0,8.0,0.1,50.0,0.0,1.0,2.0,-1.3,0.0,1.0,0.0,0.0,0.0,9.0,11.0,9.0,3.0,13.0,2.0,9.0,9.0,3.0,1.0,0.36,1.43,11.0,0.13,0.16,1.0,0.626,0.909,5.0,0.8,16.0,5.0,7.0,93.0,0.0,1.0,1.51,17.2,5.3,1.0,0.51,0.52,0.9,5.0,5.0,3.0,3.0,-7.1,0.0,1.0,1.0,1.0,0.0,0.0
VP,2.0,-1.6,-1.7,-1.9,-2.1,-0.17,1.0,3.0,2.0,10.0,-1.8,68.0,3.0,4.0,4.0,-5.2,1.0,3.0,0.0,1.0,8.0,20.0,6.0,0.0,1.0,9.0,11.0,7.0,4.0,2.0,1.0,-0.47,1.79,3.0,-0.42,-0.44,4.0,0.02,0.462,2.0,-0.6,18.0,7.0,5.0,83.0,0.0,2.0,1.13,11.1,3.4,4.0,-1.11,-2.31,-1.1,5.0,1.0,0.0,1.0,-7.5,18.0,4.0,-4.0,3.0,2.0,3.0
PV,2.0,-1.6,-1.7,-1.9,-2.1,-0.17,1.0,3.0,2.0,10.0,-1.8,68.0,3.0,4.0,4.0,-5.2,1.0,3.0,0.0,1.0,8.0,20.0,6.0,0.0,1.0,9.0,11.0,7.0,4.0,2.0,1.0,-0.47,1.79,3.0,-0.42,-0.44,4.0,0.02,0.462,2.0,-0.6,18.0,7.0,5.0,83.0,0.0,2.0,1.13,11.1,3.4,4.0,-1.11,-2.31,-1.1,5.0,1.0,0.0,1.0,-7.5,18.0,4.0,-4.0,3.0,2.0,3.0
VS,2.0,-0.9,-0.9,-1.0,-2.2,-0.18,1.0,2.0,2.0,7.0,-1.0,124.0,1.0,2.0,3.0,-4.3,1.0,1.0,0.0,1.0,4.0,10.0,2.0,1.0,7.0,14.0,6.0,4.0,10.0,2.0,0.0,-0.44,2.15,8.0,-0.25,-0.27,3.0,-0.103,0.005,0.0,1.8,16.0,6.0,5.0,88.0,1.0,1.0,1.21,15.1,4.2,5.0,-1.11,-2.69,3.0,4.0,1.0,1.0,0.0,-6.8,22.0,2.0,-1.0,2.0,1.0,3.0
SV,2.0,-0.9,-0.9,-1.0,-2.2,-0.18,1.0,2.0,2.0,7.0,-1.0,124.0,1.0,2.0,3.0,-4.3,1.0,1.0,0.0,1.0,4.0,10.0,2.0,1.0,7.0,14.0,6.0,4.0,10.0,2.0,0.0,-0.44,2.15,8.0,-0.25,-0.27,3.0,-0.103,0.005,0.0,1.8,16.0,6.0,5.0,88.0,1.0,1.0,1.21,15.1,4.2,5.0,-1.11,-2.69,3.0,4.0,1.0,1.0,0.0,-6.8,22.0,2.0,-1.0,2.0,1.0,3.0
VT,0.0,0.6,0.4,0.2,-2.2,0.07,0.0,3.0,2.0,8.0,0.0,69.0,0.0,0.0,0.0,-1.9,0.0,0.0,0.0,0.0,1.0,2.0,3.0,2.0,1.0,7.0,2.0,1.0,4.0,3.0,0.0,-0.44,1.42,10.0,0.35,0.38,1.0,0.329,0.396,2.0,1.6,4.0,3.0,1.0,91.0,0.0,0.0,1.27,17.9,5.2,1.0,0.05,-0.23,1.5,1.0,0.0,0.0,0.0,-6.2,6.0,0.0,1.0,0.0,0.0,1.0
TV,0.0,0.6,0.4,0.2,-2.2,0.07,0.0,3.0,2.0,8.0,0.0,69.0,0.0,0.0,0.0,-1.9,0.0,0.0,0.0,0.0,1.0,2.0,3.0,2.0,1.0,7.0,2.0,1.0,4.0,3.0,0.0,-0.44,1.42,10.0,0.35,0.38,1.0,0.329,0.396,2.0,1.6,4.0,3.0,1.0,91.0,0.0,0.0,1.27,17.9,5.2,1.0,0.05,-0.23,1.5,1.0,0.0,0.0,0.0,-6.2,6.0,0.0,1.0,0.0,0.0,1.0
VW,8.0,-4.8,-4.5,-2.9,-2.1,0.29,6.0,3.0,2.0,7.0,-2.6,88.0,3.0,4.0,5.0,-4.9,3.0,2.0,0.0,0.0,1.0,8.0,9.0,23.0,15.0,15.0,3.0,18.0,17.0,2.0,0.0,-0.17,2.51,11.0,-0.04,-0.02,4.0,0.378,0.835,5.0,-0.7,14.0,4.0,4.0,96.0,0.0,3.0,1.63,11.6,2.6,5.0,-1.09,-2.13,-2.5,4.0,2.0,2.0,0.0,-7.8,28.0,4.0,-2.0,5.0,3.0,2.0
WV,8.0,-4.8,-4.5,-2.9,-2.1,0.29,6.0,3.0,2.0,7.0,-2.6,88.0,3.0,4.0,5.0,-4.9,3.0,2.0,0.0,0.0,1.0,8.0,9.0,23.0,15.0,15.0,3.0,18.0,17.0,2.0,0.0,-0.17,2.51,11.0,-0.04,-0.02,4.0,0.378,0.835,5.0,-0.7,14.0,4.0,4.0,96.0,0.0,3.0,1.63,11.6,2.6,5.0,-1.09,-2.13,-2.5,4.0,2.0,2.0,0.0,-7.8,28.0,4.0,-2.0,5.0,3.0,2.0
VY,3.0,-3.8,-2.6,-1.4,-2.2,0.31,2.0,3.0,2.0,9.0,-1.1,55.0,1.0,2.0,3.0,-1.8,3.0,4.0,0.0,0.0,2.0,2.0,18.0,14.0,13.0,18.0,3.0,19.0,15.0,3.0,0.0,-0.39,1.52,10.0,0.15,0.17,1.0,0.614,0.632,5.0,0.3,17.0,2.0,2.0,88.0,0.0,1.0,1.6,16.5,4.1,1.0,0.21,0.66,0.3,2.0,3.0,1.0,2.0,-7.2,9.0,3.0,-2.5,3.0,1.0,2.0
YV,3.0,-3.8,-2.6,-1.4,-2.2,0.31,2.0,3.0,2.0,9.0,-1.1,55.0,1.0,2.0,3.0,-1.8,3.0,4.0,0.0,0.0,2.0,2.0,18.0,14.0,13.0,18.0,3.0,19.0,15.0,3.0,0.0,-0.39,1.52,10.0,0.15,0.17,1.0,0.614,0.632,5.0,0.3,17.0,2.0,2.0,88.0,0.0,1.0,1.6,16.5,4.1,1.0,0.21,0.66,0.3,2.0,3.0,1.0,2.0,-7.2,9.0,3.0,-2.5,3.0,1.0,2.0
VV,5.0,4.0,3.7,3.4,4.1,1.0,4.0,6.0,0.0,10.0,3.4,0.0,5.0,6.0,7.0,7.0,4.0,2.0,10.0,2.0,39.0,26.0,44.0,21.0,24.0,21.0,37.0,40.0,23.0,8.0,5.0,0.54,0.0,16.0,1.0,1.0,5.0,1.0,1.0,8.0,2.2,100.0,11.0,12.0,100.0,4.0,0.0,1.41,25.0,8.6,9.0,2.05,5.28,4.2,9.0,1.0,0.0,2.0,-4.8,38.0,4.0,5.0,5.0,3.0,5.0
